Прізвище,Ім'я,По батькові,Стать,Дата народження,Посада,Місто,Адреса,Телефон,Email
Лукаш,Ада,Олегівна,Жіноча,30.09.1999,Менеджер,місто Верхівцеве,"проспект Топольського, буд. 8 кв. 345, Галич, 99560",018 373 83 28,suprunenkoorkhyp@example.com
Алексеєнко,Єлисавета,Володимирівна,Жіноча,02.06.2003,Менеджер,село Лохвиця,"сквер Старосінна, буд. 0 кв. 78, Зіньків, 10538",+380 38 690-24-30,yshovkoplias@example.com
Батюк,Ярина,Павлівна,Жіноча,19.02.1946,Інженер,місто Селидове,"парк Волтона, буд. 24, Світлодарськ, 43055",828-71-93,stepan56@example.net
Чумаченко,Мілена,Богданівна,Жіноча,15.11.1947,Програміст,село Ровеньки,"парк Сирітський 2-й, буд. 27, Гайсин, 14343",770-48-03,xgerega@example.com
Луценко,Амалія,Степанівна,Жіноча,07.05.1956,Бухгалтер,селище Кагарлик,"узвіз Глаубермана, буд. 11 кв. 28, Івано-Франківськ, 74577",+380 45 971 50 16,ykorzh@example.org
Забашта,Алла,Юріївна,Жіноча,14.08.2003,Бухгалтер,місто Вільногірськ,"шосе Залізничний 3-й, буд. 964 кв. 5, Жданівка, 33461",+380 58 436-27-22,priska51@example.com
Шведченко,Клавдія,Олександрівна,Жіноча,12.01.2002,Адміністратор,селище Іллінці,"провулок Пейзажна, буд. 4, Олешки, 89835",377-47-23,hbaidak@example.net
Джунь,Алла,Григорівна,Жіноча,22.07.1979,Бухгалтер,селище Винники,"узвіз Канатний, буд. 6, Попасна, 28958",+380 13 109-76-09,sirkooleh@example.net
Килимник,Галина,Андріївна,Жіноча,13.02.1955,Менеджер,місто Броди,"вулиця Горизонтальна, буд. 14 кв. 010, Радомишль, 91513",078 281 01 54,vadym81@example.com
Шморгун,Тетяна,Максимівна,Жіноча,03.05.2004,Бухгалтер,хутір Берислав,"площа Світанку, буд. 2 кв. 0, Долина, 27798",+380 66 318-51-81,khrystynavyshyvanyi@example.com
Карпа,Соломія,Олександрівна,Жіноча,16.06.1997,Бухгалтер,селище Монастириська,"вулиця Болградська, буд. 2 кв. 54, П'ятихатки, 33186",+380 89 520 45 55,amoskal@example.org
Бабʼюк,Анжела,Ігорівна,Жіноча,25.04.1982,Менеджер,село Чигирин,"шосе Амбулаторний 1-й, буд. 795, Узин, 60070",941-62-57,stusnadiia@example.net
Червоненко,Ірена,Юріївна,Жіноча,21.10.1998,Адміністратор,село Нетішин,"провулок Виноградна 2-га, буд. 67 кв. 5, Конотоп, 72504",089 299 49 97,amvrosii89@example.org
Масоха,Єва,Юріївна,Жіноча,23.09.1991,Інженер,хутір Корсунь-Шевченківський,"площа Садовського, буд. 847, Канів, 61630",064 201-75-06,anastasiiahavrysh@example.com
Щербань,Марʼяна,Юріївна,Жіноча,26.12.1970,Адміністратор,село Лебедин,"парк Паркова, буд. 2, Устилуг, 72879",+380 (87) 525-02-66,ustym37@example.net
Забарна,Клавдія,Григорівна,Жіноча,11.09.1995,Менеджер,село Новий Розділ,"набережна Студентський 5-й, буд. 18, Гірник, 65430",079 652-35-27,ipavlenko@example.net
Голобородько,Олена,Юріївна,Жіноча,05.06.1985,Інженер,місто Кобеляки,"вулиця Фруктовий, буд. 23, Ланівці, 16444",+380 (15) 396-75-09,udovenkoedyta@example.com
Кабалюк,Любов,Петрівна,Жіноча,09.07.1962,Бухгалтер,місто Зоринськ,"вулиця Чернігівська, буд. 0 кв. 0, Ізяслав, 43241",390-85-62,ivan84@example.net
Гузенко,Ганна,Тарасівна,Жіноча,09.02.1962,Інженер,місто Олександрівськ,"шосе Селищна, буд. 50, Святогірськ, 41982",246-86-05,volodymyravasylashko@example.org
Жук,Альбіна,Ігорівна,Жіноча,22.06.2000,Адміністратор,село Брянка,"площа Палія Семена, буд. 917, Середина-Буда, 30122",643 34 65,sychavhustyn@example.org
Петлюра,Тетяна,Олександрівна,Жіноча,24.08.1988,Адміністратор,місто Герца,"вулиця Віри Холодної, буд. 715, Ялта, 24040",030 451-96-16,jakymenko@example.com
Андрійчук,Людмила,Романівна,Жіноча,06.04.1964,Інженер,село Гірське,"сквер Цесевича, буд. 233, Добропілля, 97291",+380 68 367-26-31,oksanasirchenko@example.net
Бевзенко,Михайлина,Тарасівна,Жіноча,03.10.1971,Менеджер,місто Кролевець,"шосе Кустанайська, буд. 77, Сіверськ, 05619",079 162-29-80,kyrylo07@example.org
Верхола,Лілія,Андріївна,Жіноча,15.11.1950,Менеджер,хутір Моршин,"сквер Офіцерський 2-й, буд. 3 кв. 9, Добромиль, 39680",050 624-46-72,ziurchyshyna@example.net
Салій,Христина,Василівна,Жіноча,01.02.1984,Бухгалтер,село Гірник,"вулиця 15-та Лінія 6-й ст. Люстдорфської дороги, буд. 8, Новий Розділ, 69825",+380 (30) 340-90-47,hlibaverchenko@example.org
Охріменко,Любов,Ігорівна,Жіноча,06.09.1954,Адміністратор,місто Кривий Ріг,"проспект Побратимів, буд. 2 кв. 1, Соснівка, 44039",048 152-99-68,haidamakadan@example.com
Ісаєвич,Юстина,Петрівна,Жіноча,23.10.1973,Інженер,селище Сорокине,"шосе Проектуєма, буд. 7, Олешки, 91067",+380 73 900 69 23,kyrylokhudobiak@example.com
Сацюк,Аліна,Юріївна,Жіноча,25.09.1957,Бухгалтер,село Жашків,"шосе Володимира Антоновича, буд. 9 кв. 526, Одеса, 15305",+380 36 083-26-41,panaspustovit@example.org
Джус,Валентина,Тарасівна,Жіноча,06.09.1947,Менеджер,село Старий Самбір,"вулиця Василя Фащенка, буд. 219, Кодима, 11555",003 915-94-40,leon41@example.org
Макаренко,Амалія,Василівна,Жіноча,02.08.1946,Адміністратор,місто Ізмаїл,"набережна Матроський, буд. 68 кв. 559, Армянськ, 27025",225 37 63,valentyn79@example.org
Рябошапка,Орина,Олександрівна,Жіноча,11.10.2005,Інженер,хутір Корсунь-Шевченківський,"набережна Студентський 2-й, буд. 5 кв. 8, Селидове, 68484",+380 59 896-44-68,iaremchukiaroslav@example.org
Демʼянчук,Емілія,Максимівна,Жіноча,02.05.1997,Інженер,хутір Бучач,"вулиця Марка Твена, буд. 5, Новий Калинів, 28742",950 14 53,alevtyn95@example.com
Панчук,Клавдія,Петрівна,Жіноча,06.06.1997,Адміністратор,селище Алчевськ,"шосе Аеропортівський 5-й, буд. 21 кв. 46, Заліщики, 42893",+380 (48) 515-99-36,roksolanakhudobiak@example.org
Зубко,Богуслава,Ігорівна,Жіноча,13.09.1996,Менеджер,селище Сокологірськ,"парк Любомира Гузара, буд. 3, Рогатин, 05438",968-67-49,azar17@example.net
Тарасенко,Анжела,Олександрівна,Жіноча,28.12.1957,Бухгалтер,селище Андрушівка,"набережна Житомирська, буд. 21, Бершадь, 61314",+380 03 996-30-52,ghrechko@example.com
Шовкопляс,Маруся,Максимівна,Жіноча,30.01.1955,Менеджер,хутір Бунге,"узвіз Проценка, буд. 1, Пустомити, 73907",027-20-04,sviatoslava81@example.net
Товстуха,Оксенія,Сергіївна,Жіноча,19.04.1994,Інженер,селище Заставна,"сквер Альпіністів, буд. 98, Василівка, 65032",058 750-25-36,skopenkoanastasiia@example.net
Гаєвська,Єлисавета,Юріївна,Жіноча,16.11.1994,Бухгалтер,хутір Радомишль,"провулок Флотський 1-й, буд. 89 кв. 1, Покров, 42684",+380 36 369-81-31,nataliia38@example.net
Базилевська,Марина,Григорівна,Жіноча,17.03.1987,Інженер,хутір Христинівка,"набережна Газова, буд. 5, Зугрес, 75995",310-73-44,trokhym18@example.net
Алексійчук,Наталія,Тарасівна,Жіноча,13.08.1949,Адміністратор,хутір Кіцмань,"проспект Колективний, буд. 35 кв. 321, Сватове, 69762",002 876-95-91,ydrozdenko@example.net
Гуцуляк,Амалія,Олександрівна,Жіноча,05.12.1987,Менеджер,місто Приморськ,"узвіз Венгера, буд. 17, Хрестівка, 83575",012 877 78 35,avreliizabashta@example.org
Носаченко,Михайлина,Богданівна,Жіноча,24.11.1993,Програміст,село Буча,"проспект Рибальська балка, буд. 59, Шаргород, 29169",+380 06 467-05-29,obaranyk@example.net
Карпенко,Михайлина,Олегівна,Жіноча,28.01.1998,Інженер,хутір Олешки,"парк Дніпропетровська дорога, буд. 773, Перещепине, 07782",799 50 42,svivcharenko@example.com
Назаренко,Віра,Юріївна,Жіноча,13.07.2005,Програміст,село Кременчук,"сквер М’ясоєдовська, буд. 375 кв. 5, Косів, 68871",017 525-77-49,odarkaustenko@example.net
Конопленко,Дарина,Степанівна,Жіноча,18.11.1993,Бухгалтер,місто Сторожинець,"вулиця Новобазарний, буд. 97, Шахтарське, 98109",095 617 73 43,iatsenkoievhen@example.org
Юрчишина,Соломія,Олександрівна,Жіноча,06.09.1975,Інженер,хутір Кропивницький,"парк Назарівська, буд. 78 кв. 0, Надвірна, 15069",+380 36 614-65-50,shukhevychvasylyna@example.com
Дробаха,Надія,Олегівна,Жіноча,07.08.2006,Інженер,хутір Радомишль,"шосе Радісна, буд. 0 кв. 61, Олександрія, 63009",+380 (68) 127-09-30,oandreiko@example.com
Корсун,Лілія,Миколаївна,Жіноча,25.11.1976,Програміст,село Батурин,"вулиця Марсельська, буд. 563, Деражня, 55366",703 13 30,veniiamyn99@example.org
Сомко,Ярослава,Юріївна,Жіноча,01.04.1975,Програміст,хутір Берестин,"площа Шота Руставелі, буд. 0 кв. 40, Овруч, 61490",+380 (75) 483-83-38,nhaidabura@example.net
Хоменко,Марія,Богданівна,Жіноча,27.12.1974,Програміст,село Попасна,"узвіз Керченський 1-й, буд. 1 кв. 2, Мар'їнка, 23379",+380 50 673-19-40,tereshchenkoedyta@example.com
Чорновіл,Одарка,Петрівна,Жіноча,16.01.2005,Бухгалтер,місто Новгород-Сіверський,"узвіз Офіцерський 1-й, буд. 84 кв. 5, Новий Калинів, 08637",+380 99 064-56-14,kamillakolisnychenko@example.net
Чабан,Ада,Романівна,Жіноча,29.01.1956,Програміст,село Гола Пристань,"парк Олега Андрійця, буд. 11 кв. 90, Вугледар, 76858",+380 (01) 627-93-64,solomonhaivoronskyi@example.com
Чміль,Амалія,Максимівна,Жіноча,12.03.1953,Програміст,село Снігурівка,"вулиця Новоукраїнський, буд. 4 кв. 1, Шахтарське, 16396",+380 (30) 155-16-20,ieva90@example.net
Приходько,Данна,Степанівна,Жіноча,19.02.1961,Бухгалтер,село Вовчанськ,"вулиця Газова, буд. 44, Герца, 94182",788-09-23,daryna48@example.org
Гупало,Юстина,Григорівна,Жіноча,17.12.2004,Адміністратор,село Добромиль,"сквер Радіальна, буд. 321 кв. 53, Гірник, 12052",856-71-94,bohdanna62@example.net
Вдовиченко,Аліна,Василівна,Жіноча,26.06.1974,Інженер,селище Радивилів,"набережна Локомотивна, буд. 8 кв. 493, Дубляни, 90753",+380 03 876 52 67,makarmoskal@example.com
Ванченко,Надія,Володимирівна,Жіноча,23.07.2010,Програміст,село Євпаторія,"сквер Навігаційний, буд. 1 кв. 756, Гнівань, 70517",143-30-75,vitalii91@example.net
Дацюк,Еріка,Іванівна,Жіноча,29.08.1987,Адміністратор,селище Березань,"парк Менделе Сфоріма, буд. 09 кв. 0, Торецьк, 73768",+380 55 277-06-52,qteslenko@example.net
Андрійович,Данна,Ігорівна,Жіноча,08.04.1988,Програміст,село Вінниця,"сквер Леонтовича, буд. 545 кв. 19, Жданівка, 97210",927-31-88,tarasprytula@example.net
Колодуб,Лариса,Андріївна,Жіноча,19.08.2001,Програміст,село Олевськ,"сквер Лиманчик 2-й Лінія 8-ма, буд. 1, Соснівка, 35660",+380 41 203-70-72,wbaranets@example.net
Єсипенко,Данна,Петрівна,Жіноча,25.01.1995,Інженер,селище Дебальцеве,"площа Діхтієвського Віктора, буд. 01, Новий Буг, 06617",+380 14 792-32-86,bkabanenko@example.com
Гаєвська,Пріска,Ігорівна,Жіноча,11.01.1978,Адміністратор,селище Рудки,"сквер Амундсена, 1-й, буд. 37, Кам'янське, 71486",+380 34 503-84-77,lmakohon@example.net
Баштан,Мілена,Василівна,Жіноча,26.09.2003,Адміністратор,село Острог,"шосе Пересипська 3-тя, буд. 527, Городище, 73070",+380 56 626 83 30,vsliusar@example.com
Непорожній,Данна,Арсенівна,Жіноча,08.04.1953,Бухгалтер,місто Білгород-Дністровський,"узвіз Шампанський, буд. 35 кв. 08, Ромни, 96518",020 147 75 17,spas15@example.org
Фурс,Віра,Сергіївна,Жіноча,05.06.1978,Програміст,місто Коростишів,"проспект Лінія 43-тя, буд. 09 кв. 5, Суми, 88676",+380 (50) 819-87-03,solomiia09@example.com
Аронець,Лариса,Тарасівна,Жіноча,18.09.1950,Програміст,хутір Підгайці,"набережна Мечникова, буд. 540, Самбір, 09886",008 135 30 02,hlibandriiovych@example.org
Лупій,Христина,Романівна,Жіноча,27.11.1974,Бухгалтер,хутір Берестечко,"провулок Михайла Врубеля, буд. 3, Шахтарськ, 56154",317 85 15,iaroslav71@example.org
Андріїшин,Анастасія,Петрівна,Жіноча,10.11.1956,Менеджер,хутір Рожище,"набережна Східчастий 4-й, буд. 250 кв. 623, Новий Калинів, 48046",+380 (64) 165-73-10,mykyta38@example.com
Ємець,Світлана,Романівна,Жіноча,05.08.1957,Адміністратор,селище Дніпрорудне,"узвіз Квантовий, буд. 6 кв. 096, Умань, 33418",+380 90 021-61-19,goliashmartyn@example.org
Забара,Тетяна,Олегівна,Жіноча,18.01.1982,Інженер,селище Синельникове,"набережна Буковецького, буд. 8, Вуглегірськ, 59432",+380 (67) 386-53-09,demian32@example.com
Охріменко,Єлисавета,Олександрівна,Жіноча,01.10.1989,Інженер,хутір Лохвиця,"узвіз Садовий, буд. 2 кв. 0, Берислав, 81443",058 628-52-40,pbatiuk@example.com
Терещенко,Наталія,Максимівна,Жіноча,23.04.1958,Програміст,хутір Дніпро,"провулок Курортний, буд. 71, Глиняни, 84201",076 11 36,iaremarostyslav@example.net
Макаренко,Надія,Богданівна,Жіноча,22.03.1959,Програміст,село Буськ,"узвіз Нова, буд. 4 кв. 587, Біляївка, 05620",078 637-73-62,tetiana43@example.net
Слюсар,Лілія,Дмитрівна,Жіноча,06.06.1966,Інженер,місто Шостка,"площа Долинська, буд. 48, Ніжин, 41515",+380 37 412 35 68,dashkevychmartyn@example.org
Таран,Едита,Богданівна,Жіноча,06.06.1981,Бухгалтер,хутір Інкерман,"сквер Харківська, буд. 4 кв. 836, Верхівцеве, 75651",078 600 59 62,vira18@example.com
Кащенко,Віолетта,Арсенівна,Жіноча,25.02.1986,Бухгалтер,хутір Кам'янець-Подільський,"набережна Аграрна, буд. 510 кв. 563, Дружківка, 28502",+380 23 270-32-69,mykyta91@example.com
Онуфрієнко,Надія,Степанівна,Жіноча,08.07.1952,Менеджер,хутір Кременчук,"сквер Туристська, буд. 862, Яготин, 69722",+380 21 945 59 50,karmaliukkamilla@example.net
Венгринович,Ліза,Андріївна,Жіноча,31.03.2003,Бухгалтер,місто Тлумач,"провулок Кутова, буд. 222, Старий Крим, 48121",+380 20 050 32 33,vokhrimenko@example.com
Данилюк,Людмила,Арсенівна,Жіноча,03.08.1997,Програміст,селище Теплодар,"парк Чорноморський, буд. 86, Рава-Руська, 79860",+380 15 577-26-83,oles72@example.com
Хмара,Оксенія,Дмитрівна,Жіноча,06.01.1998,Адміністратор,хутір Узин,"проспект Демократична, буд. 73, Хмельницький, 69829",+380 78 155-33-54,zakhar53@example.com
Яценко,Алла,Іванівна,Жіноча,02.01.1999,Програміст,селище Буринь,"вулиця Ігоря Бедзая, буд. 2 кв. 3, Теплодар, 19579",+380 49 413-74-20,aorlyk@example.com
Дробʼязко,Тереза,Романівна,Жіноча,09.12.1955,Бухгалтер,селище Жашків,"вулиця Штильова, буд. 0 кв. 194, Хрестівка, 62484",+380 61 452-99-47,artemskyrda@example.org
Шухевич,Любов,Миколаївна,Жіноча,02.10.1998,Програміст,місто Боково-Хрустальне,"площа Наявний 4-й, буд. 3 кв. 281, Іловайськ, 53045",581 91 02,parmen92@example.net
Артимович,Тереза,Максимівна,Жіноча,25.06.1985,Інженер,місто Дергачі,"шосе Сьома, буд. 71 кв. 418, Хрустальний, 74306",+380 (97) 540-57-27,boryslav11@example.com
Філіпенко,Орися,Олександрівна,Жіноча,10.06.1999,Програміст,місто Васильків,"площа Середня, буд. 63, Нова Каховка, 64617",099 573-89-92,zinchukleonid@example.net
Голобородько,Наталія,Василівна,Жіноча,08.03.1951,Програміст,селище Тульчин,"узвіз Пастера, буд. 7, Чернігів, 13466",+380 21 081-19-71,asaularoksolana@example.com
Атаманчук,Ганна,Дмитрівна,Жіноча,27.09.1967,Інженер,хутір Нікополь,"набережна Амбулаторний 2-й, буд. 003 кв. 3, Кам'янка (Черкаська область), 25524",402-54-53,hresstefan@example.net
Сіробаба,Маруся,Сергіївна,Жіноча,10.03.1975,Інженер,хутір Бахчисарай,"проспект Орликова, буд. 945 кв. 0, Львів, 49815",+380 99 318 12 27,amaliiamykhaliuk@example.com
Базилевич,Єва,Юріївна,Жіноча,27.06.1996,Інженер,село Горішні Плавні,"вулиця Молокова, буд. 075, Дергачі, 77609",+380 99 989 00 62,ievhenokhrymovych@example.net
Притула,Марʼяна,Петрівна,Жіноча,03.02.1979,Бухгалтер,місто Білогірськ,"площа Путьова, буд. 91 кв. 61, Болград, 72310",+380 (21) 166-74-08,okhrim83@example.com
Романчук,Юстина,Павлівна,Жіноча,08.06.1971,Бухгалтер,селище Южноукраїнськ,"набережна Софіївська, буд. 27 кв. 138, Валки, 26738",672-87-65,fedir89@example.net
Охріменко,Дарина,Андріївна,Жіноча,15.07.1955,Бухгалтер,хутір Львів,"вулиця Орликова, буд. 9, Боково-Хрустальне, 55827",+380 25 423 17 73,qbazylevych@example.org
Ребрик,Пріска,Іванівна,Жіноча,23.03.1978,Адміністратор,селище Золоте,"набережна Івана Франка, буд. 4, Звенигородка, 07715",034 586 15 12,darynashvedchenko@example.org
Полтавець,Ада,Андріївна,Жіноча,15.11.1995,Бухгалтер,хутір Сторожинець,"шосе Монастирський, буд. 3, Зіньків, 34066",914 93 19,petrovasylenko@example.net
Фартушняк,Данна,Олександрівна,Жіноча,29.07.2008,Адміністратор,хутір Трускавець,"площа Матроський, буд. 75 кв. 562, Долинська, 90970",+380 33 845-60-76,oryna80@example.net
Захаренко,Аліна,Павлівна,Жіноча,28.11.1962,Менеджер,село Кипуче,"набережна Банний, буд. 57 кв. 716, Немирів, 12350",+380 82 972-47-06,martynzaiets@example.com
Філіпенко,Михайлина,Іванівна,Жіноча,08.10.1956,Бухгалтер,місто Монастириська,"набережна Басейний 4-й, буд. 1 кв. 34, Олевськ, 95614",+380 26 694-98-91,les34@example.net
Вдовиченко,Златослава,Павлівна,Жіноча,04.12.1971,Менеджер,місто Бердичів,"площа Зелена гірка, буд. 675, Городенка, 86487",030 310-78-25,smykzorian@example.net
Ящук,Вікторія,Петрівна,Жіноча,12.11.1955,Програміст,хутір Ромни,"провулок Якірний, буд. 4, Ланівці, 15629",644 53 89,qabramenko@example.org
Тесля,Аліна,Григорівна,Жіноча,09.10.1956,Програміст,село Ірпінь,"площа Флотський 3-й, буд. 7, Новоселиця, 14008",+380 66 447-91-09,markohavrylyshyn@example.org
Смик,Ліза,Степанівна,Жіноча,02.03.1962,Програміст,місто Нікополь,"провулок Абрикосовий, буд. 53, Хмельницький, 98518",022 686-71-10,hpavlychenko@example.org
Вернидуб,Амалія,Богданівна,Жіноча,09.11.1995,Програміст,місто Краматорськ,"узвіз Республіканська, буд. 113, П'ятихатки, 09980",+380 55 153-83-48,lilchenko@example.org
Яковенко,Маруся,Юріївна,Жіноча,10.07.1993,Менеджер,селище Нетішин,"провулок Дніпровська, буд. 93, Великі Мости, 39774",+380 (66) 912-20-91,illialazarenko@example.org
Ляшко,Орися,Богданівна,Жіноча,22.10.1976,Програміст,хутір Косів,"площа Естафетна, буд. 8, Нововолинськ, 30120",+380 (12) 695-62-86,nadiiaieromenko@example.com
Александренко,Ярослава,Богданівна,Жіноча,08.04.1985,Програміст,хутір Борзна,"площа Тетяни Тесс, буд. 37 кв. 65, Угнів, 99905",886 56 75,omelian29@example.net
Штепа,Ольга,Григорівна,Жіноча,29.07.1965,Програміст,селище Нікополь,"узвіз Східчастий, буд. 6, Роздільна, 70111",089 193 71 88,babiitetiana@example.com
Жаліло,Аліна,Олегівна,Жіноча,04.04.1980,Адміністратор,село Мена,"сквер 1-й Академічний тупик, буд. 3 кв. 50, Бар, 89869",+380 11 116-57-94,hiaremenko@example.org
Лукаш,Емілія,Максимівна,Жіноча,26.01.1957,Програміст,хутір Мирноград,"вулиця Хаджибейський 2-й, буд. 9, Долина, 82791",865-16-53,ievhenvitruk@example.net
Байрак,Орина,Сергіївна,Жіноча,26.07.1982,Менеджер,селище Ялта,"узвіз Аркадіївський, буд. 81 кв. 4, Родинське, 04391",+380 16 472-36-39,ivanychukpriska@example.com
Супруненко,Софія,Юріївна,Жіноча,15.11.1962,Адміністратор,хутір Глиняни,"набережна Книжковий, буд. 769 кв. 185, Світловодськ, 45559",625-35-17,prykhodkoklavdiia@example.net
Єщенко,Данна,Степанівна,Жіноча,12.12.1994,Менеджер,місто Пирятин,"вулиця Перепечка, буд. 0 кв. 3, Берислав, 56794",024 360-72-55,liudmyla11@example.com
Корпанюк,Лариса,Павлівна,Жіноча,05.06.1997,Менеджер,селище Енергодар,"вулиця Басейний 4-й, буд. 3 кв. 4, Ізмаїл, 53948",+380 47 560-34-17,babakvitalii@example.org
Сиротенко,Світлана,Миколаївна,Жіноча,16.07.1981,Програміст,село Генічеськ,"парк Сливовий, буд. 4, Мукачево, 05444",+380 16 049-45-25,mykhailoshapoval@example.net
Чередник,Христина,Дмитрівна,Жіноча,11.06.1994,Адміністратор,хутір Глиняни,"шосе Угорська, буд. 2 кв. 690, Васильків, 23222",759-68-61,varfolomii10@example.com
Артимишин,Роксолана,Сергіївна,Жіноча,21.08.1985,Програміст,місто Новгород-Сіверський,"сквер Одеська, буд. 05, Новояворівськ, 08200",+380 (36) 811-10-04,zaichenkoleontii@example.com
Дараган,Єлисавета,Максимівна,Жіноча,05.08.1988,Програміст,село Світловодськ,"провулок Віталія Гуляєва, буд. 79, Скалат, 34969",+380 (00) 131-71-62,lumanets@example.com
Литвиненко,Людмила,Володимирівна,Жіноча,04.04.1980,Бухгалтер,місто Рава-Руська,"парк Академічний, буд. 4 кв. 7, Добропілля, 68453",042 896-96-95,shvachkoarkadii@example.com
Фурс,Марта,Максимівна,Жіноча,10.04.1975,Бухгалтер,село Люботин,"парк Юрія Яновського, буд. 49 кв. 504, Слов'янськ, 35928",+380 46 457-81-14,volodymyr70@example.org
Якименко,Варвара,Олександрівна,Жіноча,11.09.1988,Інженер,хутір Тараща,"вулиця Миргородський, буд. 71 кв. 091, Звенигородка, 41691",+380 48 636 81 43,xzakharenko@example.com
Ірванець,Софія,Володимирівна,Жіноча,29.03.1990,Адміністратор,селище Краматорськ,"провулок Кільовий, буд. 23 кв. 93, Скалат, 99735",+380 89 803 04 33,karpatrokhym@example.net
Оробець,Тетяна,Іванівна,Жіноча,20.05.1995,Інженер,місто Хуст,"сквер Ігоря Бедзая, буд. 5, Глиняни, 37196",583 13 52,olesirvanets@example.org
Твердохліб,Марта,Василівна,Жіноча,26.12.1948,Менеджер,село Золотоноша,"шосе 2-га Лінія 4-ї ст. Люстдорфської дороги, буд. 0 кв. 7, Привілля, 47859",+380 (78) 249-80-72,leonid39@example.org
Гаврилюк,Любов,Павлівна,Жіноча,20.03.1949,Програміст,село Дніпро,"вулиця Куликове поле, буд. 9 кв. 38, Городенка, 22814",+380 34 965 55 60,baranmakar@example.net
Пустовіт,Маруся,Григорівна,Жіноча,03.07.1958,Менеджер,село Горлівка,"узвіз Східчастий 4-й, буд. 710, Чортків, 29230",580 01 29,gatroshchenko@example.org
Чумак,Софія,Дмитрівна,Жіноча,08.10.1963,Менеджер,село Кам'янець-Подільський,"провулок Берестейська, буд. 4 кв. 6, Вознесенівка, 09911",+380 76 658 86 33,kbabiak@example.com
Терещук,Марʼяна,Олександрівна,Жіноча,02.11.1950,Менеджер,село Яготин,"проспект Лінія 39-та, буд. 464 кв. 289, Мукачево, 34135",+380 (96) 995-00-01,zfesenko@example.net
Дутка,Анастасія,Дмитрівна,Жіноча,15.01.2008,Програміст,хутір Бердичів,"площа Садова, буд. 88 кв. 047, Тростянець, 08643",444 25 28,kyrylo59@example.org
Килимник,Василина,Павлівна,Жіноча,13.06.1965,Адміністратор,місто Ізмаїл,"набережна Альпіністів, буд. 63, Яворів, 11059",+380 06 996-35-75,fabramchuk@example.org
Дахно,Тетяна,Андріївна,Жіноча,19.02.2005,Бухгалтер,хутір Вінниця,"вулиця Солонцюватий, буд. 437 кв. 297, Погребище, 59126",571-56-62,dankovolodymyr@example.com
Бабій,Василина,Петрівна,Жіноча,01.01.1973,Адміністратор,місто Кадіївка,"набережна Складська, буд. 5 кв. 248, Обухів, 54658",916 37 73,ybebeshko@example.net
Баранець,Алла,Петрівна,Жіноча,02.07.1993,Інженер,селище Лозова,"площа Яблунева, буд. 0, Бердянськ, 14934",+380 (37) 826-54-17,khrystenkotetiana@example.net
Євтушок,Аліна,Петрівна,Жіноча,29.07.1997,Адміністратор,хутір Лубни,"шосе Проектний 5-й, буд. 85, Щолкіне, 54244",+380 10 004-01-88,skhorishko@example.org
Швачко,Маруся,Миколаївна,Жіноча,08.05.1964,Програміст,хутір Ківерці,"узвіз 10-та Лінія 6-й ст. Люстдорфської дороги, буд. 10 кв. 1, Нововолинськ, 86494",+380 04 686 71 77,ltelychenko@example.net
Акименко,Мілена,Павлівна,Жіноча,03.02.1998,Програміст,селище Скалат,"узвіз Грузовий, буд. 882, Лубни, 89550",+380 89 073-47-38,onishchukiefrem@example.org
Ковалюк,Надія,Дмитрівна,Жіноча,16.03.1978,Адміністратор,селище Лутугине,"набережна Онілової, буд. 546, Луцьк, 41092",+380 39 107-80-59,alevtyn36@example.com
Охріменко,Марʼяна,Сергіївна,Жіноча,08.08.1959,Адміністратор,місто Богуслав,"площа Соляний 7-й, буд. 084 кв. 4, Роздільна, 74662",009 812 52 98,sviatoslav69@example.net
Гайденко,Валентина,Павлівна,Жіноча,25.10.1980,Менеджер,село Новий Буг,"вулиця Липнева, буд. 73, Деражня, 43048",074 723 08 82,mykolai27@example.net
Тесленко,Єлисавета,Олегівна,Жіноча,14.06.1974,Менеджер,місто Чернігів,"сквер Отонівський, буд. 939 кв. 5, Канів, 27393",098 636-13-64,snizhanalaba@example.com
Базилевська,Ірина,Василівна,Жіноча,02.01.1967,Інженер,село Макіївка,"проспект Путьова, буд. 844, Бровари, 83169",+380 33 351-86-37,vitalii94@example.org
Царенко,Віолетта,Арсенівна,Жіноча,19.02.1960,Менеджер,хутір Нове Давидково,"провулок Самодіяльна, буд. 338 кв. 345, Волноваха, 31572",+380 (18) 905-69-54,snizhana96@example.com
Петрик,Варвара,Ігорівна,Жіноча,16.11.1970,Адміністратор,хутір Баранівка,"проспект Бучми, буд. 83 кв. 72, Великі Мости, 56096",010 575 51 28,varfolomiipryimak@example.org
Цісик,Сніжана,Степанівна,Жіноча,02.05.1990,Інженер,місто Бобринець,"набережна Шкільний аеродром, буд. 9, Балта, 57373",+380 96 912-04-70,virapavlyk@example.org
Сиротенко,Орина,Дмитрівна,Жіноча,26.05.1961,Адміністратор,хутір Макіївка,"шосе Прохоровський, буд. 5, Перечин, 43714",+380 85 825-62-98,vakarchukzlatoslava@example.com
Колісниченко,Дарина,Олегівна,Жіноча,27.08.2011,Адміністратор,село Новодружеськ,"сквер Транспортна, буд. 0 кв. 6, П'ятихатки, 52081",+380 60 658 64 59,gbarabash@example.com
Іваничук,Ярина,Богданівна,Жіноча,03.09.1959,Інженер,місто Інкерман,"шосе Гайова, буд. 317 кв. 9, Липовець, 96073",+380 17 172-69-79,franchukmyron@example.org
Фурс,Марʼяна,Богданівна,Жіноча,14.10.1965,Менеджер,село Соснівка,"парк Пілотна, буд. 7, Рахів, 55503",+380 (41) 170-42-03,orynakhudobiak@example.net
Тичина,Надія,Степанівна,Жіноча,06.03.2005,Менеджер,місто Харків,"площа Бондарна, буд. 244, Алупка, 06769",941 93 39,andriishynpanas@example.net
Ващенко,Тетяна,Дмитрівна,Жіноча,22.03.1946,Інженер,хутір Сокаль,"провулок Відважних, буд. 069 кв. 089, Рава-Руська, 18973",+380 91 557 26 08,babakemiliia@example.org
Тимчук,Вікторія,Юріївна,Жіноча,08.02.1982,Програміст,місто Великі Мости,"сквер Марсельська, буд. 9 кв. 9, Стрий, 19683",+380 89 791-38-52,charnyshviktor@example.net
Ящук,Тереза,Богданівна,Жіноча,12.03.1998,Адміністратор,село Турка,"парк Маршрутна, буд. 543, Івано-Франківськ, 45045",+380 (83) 742-28-90,lmykhailiuk@example.net
Рева,Альбіна,Василівна,Жіноча,22.09.2011,Інженер,хутір Донецьк,"узвіз Леоніда Осики, буд. 7 кв. 1, Узин, 50791",+380 14 548-97-50,yhaidenko@example.com
Копитко,Ліза,Григорівна,Жіноча,13.06.1962,Інженер,хутір Чистякове,"шосе Наявний 3-й, буд. 847, Вашківці, 33226",007 45 13,chuprynasymon@example.com
Смик,Лариса,Павлівна,Жіноча,28.03.2011,Адміністратор,селище Шумськ,"набережна Суднобудівна, буд. 73 кв. 28, Балта, 48240",694-17-92,dakhnotereza@example.org
Токар,Олена,Іванівна,Жіноча,16.11.1968,Інженер,село Білгород-Дністровський,"узвіз Степова, буд. 6 кв. 6, Березівка, 33527",083 277 68 14,orysia83@example.org
Масляк,Єва,Ігорівна,Жіноча,15.11.2006,Бухгалтер,селище Ходорів,"набережна Миколаївський 1-й, буд. 172 кв. 52, Южноукраїнськ, 86453",033-24-60,artem65@example.org
Артимишин,Богданна,Степанівна,Жіноча,07.05.1990,Адміністратор,селище Вараш,"вулиця Виноградна, буд. 898, Вовчанськ, 46217",+380 61 384-54-80,dziubaopanas@example.org
Верхола,Марія,Юріївна,Жіноча,22.09.1983,Бухгалтер,селище Волочиськ,"проспект Рабіна Іцхака, буд. 0 кв. 81, Бахчисарай, 35656",497 78 18,stanislav99@example.net
Вівчаренко,Оксана,Арсенівна,Жіноча,10.07.1959,Програміст,селище Бунге,"проспект Моторний 1-й, буд. 476, Пустомити, 64644",031-39-82,albina53@example.com
Ґереґа,Орися,Юріївна,Жіноча,03.01.2005,Інженер,місто Прип'ять,"узвіз Кременецький, буд. 810, Старий Крим, 27371",+380 78 233 58 30,dankivteodor@example.com
Шеремет,Софія,Тарасівна,Жіноча,14.05.1972,Інженер,хутір Біла Церква,"вулиця Волтона, буд. 16 кв. 31, Ужгород, 85482",+380 50 754-78-47,dandriievych@example.net
Ільєнко,Людмила,Степанівна,Жіноча,09.09.1992,Адміністратор,село Вінниця,"шосе Лінія 24-та, буд. 861, Волноваха, 34510",026 214 09 12,mariiapanchuk@example.net
Щербак,Данна,Максимівна,Жіноча,22.08.1959,Адміністратор,село Бориспіль,"сквер Рожева, буд. 314 кв. 39, Ужгород, 05559",+380 79 105 98 05,lvernydub@example.org
Затовканюк,Соломія,Богданівна,Жіноча,18.03.1979,Бухгалтер,місто Долина,"узвіз Віталія Нестеренка, буд. 8, Гайворон, 14317",+380 47 247-26-21,zaleksiichuk@example.org
Пушкар,Олена,Арсенівна,Жіноча,12.08.2001,Менеджер,хутір Южне,"вулиця Економічний, буд. 502, Харцизьк, 58599",+380 (28) 112-01-39,olhaskorobohatko@example.net
Ватаманюк,Марта,Максимівна,Жіноча,13.08.1983,Адміністратор,село Полтава,"шосе Астрономічна, буд. 121 кв. 0, Ровеньки, 80512",105 29 63,heorhii35@example.org
Овсієнко,Людмила,Василівна,Жіноча,31.05.1977,Бухгалтер,селище Роздільна,"сквер Амбулаторна, буд. 4, Новоград-Волинський, 93954",920-68-01,derhachsviatoslava@example.org
Колодуб,Марина,Степанівна,Жіноча,21.03.1975,Інженер,селище Тлумач,"сквер Басейний 4-й, буд. 05 кв. 4, Міусинськ, 71595",941-69-39,azatovkaniuk@example.com
Чала,Василина,Олегівна,Жіноча,06.11.2011,Менеджер,селище Ходорів,"набережна Ольвійська, буд. 019 кв. 45, Перечин, 47748",+380 74 414 06 02,rostyslav65@example.net
Яремчук,Аніта,Ігорівна,Жіноча,22.08.1947,Менеджер,село Полтава,"площа Тираспольська, буд. 16, Козятин, 65860",+380 (42) 782-51-92,anastasiia38@example.org
Павличенко,Марина,Петрівна,Жіноча,23.03.1991,Інженер,селище Новий Розділ,"сквер Кільцева, буд. 685, Богодухів, 57763",+380 88 838-32-09,nzasukha@example.com
Батюк,Тетяна,Олегівна,Жіноча,03.11.2010,Програміст,село Куп'янськ,"узвіз Абрикосова, буд. 77, Середина-Буда, 31430",995-74-69,xokhrymovych@example.org
Павленко,Ірина,Сергіївна,Жіноча,08.05.2003,Бухгалтер,хутір Глиняни,"провулок Рачкова, буд. 35 кв. 64, Мерефа, 03406",+380 95 718 74 95,ratroshchenko@example.org
Конопля,Мілена,Миколаївна,Жіноча,10.05.1952,Інженер,хутір Хрустальний,"провулок Кондрашина, буд. 172 кв. 953, Долина, 80342",245-43-62,mykytaparasiuk@example.org
Гуцуляк,Ліза,Тарасівна,Жіноча,26.12.1961,Адміністратор,хутір Гуляйполе,"узвіз Літературна, буд. 62, Суходільськ, 43622",+380 25 708-68-64,aleksiukvalentyn@example.org
Батіг,Юстина,Миколаївна,Жіноча,15.01.1988,Адміністратор,хутір Світловодськ,"площа Восьмого березня 8-й, буд. 60, Петрово-Красносілля, 82778",528 34 60,kamillazhurba@example.net
Єщенко,Анжела,Арсенівна,Жіноча,24.10.1994,Бухгалтер,селище Тячів,"парк Слави, буд. 95, Гірське, 24635",186-80-02,myronprokopovych@example.com
Верховинець,Віра,Тарасівна,Жіноча,13.03.1993,Інженер,село Гола Пристань,"провулок Куяльницький міст, буд. 535 кв. 95, Нове Давидково, 63262",+380 99 543-21-44,alevtynlemeshko@example.com
Колісниченко,Володимира,Богданівна,Жіноча,06.06.1989,Бухгалтер,місто Богодухів,"вулиця Аеропортівський 1-й, буд. 1, Прилуки, 25667",+380 39 288 07 32,xshchyrytsia@example.net
Дараган,Анастасія,Сергіївна,Жіноча,29.04.2007,Менеджер,селище Хуст,"провулок Рельєфна, буд. 3 кв. 29, Барвінкове, 53696",270-47-00,iukhym06@example.com
Іваничук,Орина,Романівна,Жіноча,14.12.2007,Менеджер,хутір Самар,"узвіз Кордонна, буд. 79, Вашківці, 85346",001 815-78-39,solomon58@example.org
Михайличенко,Святослава,Володимирівна,Жіноча,06.07.1992,Інженер,селище Ходорів,"сквер Олександрійський, буд. 32, Вільнянськ, 72036",063 407-36-10,klyment00@example.org
Слюсар,Софія,Степанівна,Жіноча,26.03.1949,Адміністратор,хутір Сіверськодонецьк,"сквер Паркова, буд. 361 кв. 42, Вуглегірськ, 41784",+380 60 323-00-80,adam78@example.org
Заруба,Богданна,Володимирівна,Жіноча,22.10.1982,Адміністратор,село Охтирка,"провулок Миколи Бурачека, буд. 0, Сватове, 66979",+380 (52) 674-93-13,dashkevychroman@example.net
Рудько,Оксана,Петрівна,Жіноча,05.09.1987,Інженер,хутір Моспине,"проспект Цегельнозаводська, буд. 430, Шептицький, 70295",974-37-54,klyment21@example.org
Гайворонська,Світлана,Андріївна,Жіноча,19.02.1986,Програміст,селище Василівка,"площа Фруктовий, буд. 310 кв. 420, Калинівка, 08997",+380 50 681-31-99,terezakhomenko@example.org
Медведенко,Ада,Ігорівна,Жіноча,17.04.1993,Програміст,місто Вінниця,"площа Матюшенка, буд. 721, Подільськ, 52117",444 09 94,dziubamakar@example.com
Дейнеко,Тереза,Ігорівна,Жіноча,10.09.1975,Адміністратор,селище Перечин,"шосе Машинобудівний, буд. 4 кв. 0, Снігурівка, 96571",903-32-45,deriazhnaleopold@example.net
Цюпа,Сніжана,Олегівна,Жіноча,19.05.1984,Інженер,хутір Звенигородка,"площа Колективний, буд. 01 кв. 53, Жидачів, 67533",+380 53 157 36 11,ihnatazhazha@example.com
Чумак,Ярослава,Андріївна,Жіноча,25.06.1948,Бухгалтер,селище Берислав,"вулиця Лятошинського, буд. 8, Стебник, 29060",+380 29 260-92-29,uakulenko@example.com
Кабаненко,Дарина,Іванівна,Жіноча,16.02.1999,Адміністратор,місто Зимогір'я,"сквер Князівська, буд. 5, Радехів, 82139",055 169-65-03,bhydenkoalbina@example.com
Верховинець,Ада,Олегівна,Жіноча,01.04.2003,Менеджер,місто Новомиргород,"шосе Макова, буд. 9, Люботин, 14438",+380 59 432 17 76,odarkaiatseniuk@example.com
Дубина,Оксана,Юріївна,Жіноча,03.12.1986,Адміністратор,місто Черкаси,"набережна Просвіти, буд. 84, Міусинськ, 92652",+380 (88) 890-89-16,datsiukihnat@example.org
Вернидуб,Амалія,Максимівна,Жіноча,11.01.2006,Адміністратор,селище Новомиргород,"проспект Селищний, буд. 3 кв. 2, Світловодськ, 29764",510 53 75,iukhym57@example.net
Деревʼянко,Клавдія,Максимівна,Жіноча,04.09.1969,Програміст,село Теплодар,"площа Канатна, буд. 823 кв. 9, Сніжне, 24674",+380 00 385-98-32,ilienkoodarka@example.org
Іваненко,Оксенія,Василівна,Жіноча,23.01.1993,Програміст,селище Дрогобич,"провулок Бітумна, буд. 0, Вишневе, 25497",087 214-18-60,iaroslavanehoda@example.org
Петрик,Богуслава,Сергіївна,Жіноча,07.06.1966,Інженер,місто Запоріжжя,"провулок Садова 4-та, буд. 8 кв. 548, Барвінкове, 48726",094-17-43,artem65@example.net
Титаренко,Єлисавета,Дмитрівна,Жіноча,07.09.1960,Програміст,село Сколе,"набережна Моторний 3-й, буд. 46, Миколаївка, 36639",+380 14 278-47-60,feofankhomenko@example.net
Аврамчук,Василина,Василівна,Жіноча,01.06.1991,Бухгалтер,село Лозова,"вулиця Дачна, буд. 316, Збараж, 23717",+380 03 820-84-91,iakiv19@example.org
Вівчаренко,Розалія,Сергіївна,Жіноча,29.03.2001,Менеджер,хутір Олександрія,"сквер Барвінковий, буд. 176 кв. 748, Валки, 41461",+380 81 935 31 29,ziarosh@example.com
Корж,Богданна,Григорівна,Жіноча,02.10.1990,Бухгалтер,місто Кролевець,"шосе Пересипський 2-й, буд. 8, Липовець, 22715",388 82 50,iakovenkoemiliia@example.org
Корж,Василь,Дмитрович,Чоловіча,18.04.2002,Програміст,хутір Кам'янець-Подільський,"шосе Дачний 2-й, буд. 44, Сміла, 21713",+380 60 481 74 70,artiukhfedir@example.com
Ткач,Леонід,Романович,Чоловіча,22.07.2002,Менеджер,місто Калуш,"узвіз Платанова, буд. 2, Самар, 90655",072 53 71,khoma65@example.org
Вдовиченко,Микита,Андрійович,Чоловіча,05.07.1948,Менеджер,село Корюківка,"вулиця Ювілейний 2-й, буд. 494, Калинівка, 33211",957 44 11,giarosh@example.org
Демʼянюк,Пармен,Андрійович,Чоловіча,10.04.1960,Бухгалтер,селище Балаклія,"площа Костанді 2-й, буд. 4, Новгород-Сіверський, 23660",669 95 98,zakharenkoroman@example.com
Жарко,Тимофій,Миколайович,Чоловіча,03.09.1995,Бухгалтер,місто Ірміно,"набережна Східний 1-й, буд. 898, Полтава, 49214",+380 98 282 43 76,ivasiukherman@example.com
Чумаченко,Гордій,Степанович,Чоловіча,23.06.2011,Адміністратор,село Добропілля,"сквер Матроський узвіз, буд. 157, Бахчисарай, 46466",+380 62 803 32 62,galaganliubov@example.net
Колесниченко,Мирослав,Володимирович,Чоловіча,22.02.1985,Бухгалтер,місто Решетилівка,"вулиця Танкістів, буд. 3, Енергодар, 04984",019 258-18-79,iakiv46@example.net
Абрагамовський,Венедикт,Сергійович,Чоловіча,17.08.1973,Бухгалтер,селище Подільськ,"проспект Пересипська 1-ша, буд. 0 кв. 4, Трускавець, 41159",+380 26 531-89-01,pavlo85@example.net
Жаліло,Максим,Петрович,Чоловіча,19.03.1990,Адміністратор,село Перевальськ,"набережна Канатна, буд. 698, Соледар, 96232",+380 75 289-79-39,yavramchuk@example.net
Фаренюк,Аврелій,Володимирович,Чоловіча,20.05.1964,Бухгалтер,село Зіньків,"узвіз Гілельса, буд. 76 кв. 699, Євпаторія, 52344",+380 94 257-32-98,erika57@example.com
Цимбалюк,Левко,Степанович,Чоловіча,18.12.1979,Адміністратор,місто Рубіжне,"узвіз Листяний, буд. 54, Радомишль, 42034",286 79 02,wonyshchenko@example.org
Базилевський,Геннадій,Олександрович,Чоловіча,10.05.2010,Програміст,місто Балаклія,"шосе Марка Твена, буд. 38 кв. 391, Одеса, 77761",+380 (91) 236-68-35,jpetliura@example.org
Євдокименко,Онисим,Олегович,Чоловіча,13.09.1968,Програміст,місто Сокиряни,"шосе Весела, буд. 500 кв. 0, Кам'янка-Бузька, 86980",+380 27 167-93-33,baranboryslav@example.com
Щербань,Олекса,Дмитрович,Чоловіча,08.11.1965,Бухгалтер,хутір Тетіїв,"проспект Західний 2-й, буд. 3, Карлівка, 26614",021 419 43 52,kamilla68@example.net
Безбородько,Болеслав,Максимович,Чоловіча,06.09.1997,Адміністратор,місто Корець,"сквер Грузинська, буд. 0 кв. 51, Попасна, 90464",+380 98 673-75-11,kashchenkobohodar@example.net
Ніколюк,Геннадій,Миколайович,Чоловіча,06.07.2009,Інженер,місто Турка,"вулиця Вірського, буд. 65, Горішні Плавні, 44372",+380 (27) 741-58-40,allakadeniuk@example.com
Василевич,Демʼян,Юрійович,Чоловіча,23.02.2008,Адміністратор,хутір Миронівка,"шосе Бернардацці, буд. 86, Боково-Хрустальне, 48442",+380 69 515-55-26,leon32@example.com
Бездітко,Гліб,Дмитрович,Чоловіча,11.07.2010,Інженер,село Сокаль,"шосе Ширяївський, буд. 682, Костопіль, 85530",+380 47 974-15-67,taraszakusylo@example.net
Дашкевич,Ярема,Олегович,Чоловіча,18.02.1985,Бухгалтер,селище Петрово-Красносілля,"площа Новосельского, буд. 705 кв. 16, Хрустальний, 41198",516-54-32,kmishchenko@example.net
Талан,Пармен,Володимирович,Чоловіча,08.09.1958,Адміністратор,селище Гребінка,"шосе Лінія 41-ша, буд. 8, Хотин, 77549",048 929-67-72,omatviienko@example.org
Вакарчук,Тарас,Григорович,Чоловіча,15.10.1974,Програміст,селище Шепетівка,"набережна Новопланівська, буд. 71, Вільногірськ, 88188",+380 (51) 622-97-38,shtokaloaaron@example.org
Охримович,Леонід,Романович,Чоловіча,18.07.2005,Менеджер,хутір Славутич,"узвіз Купріна, буд. 8, Нова Одеса, 57125",067 711 92 34,nazarivashchenko@example.com
Христенко,Єфрем,Павлович,Чоловіча,29.11.1991,Інженер,селище Гола Пристань,"узвіз Садовського, буд. 676, Кадіївка, 72546",+380 84 676 67 11,danylozhurba@example.org
Токар,Георгій,Максимович,Чоловіча,15.04.1957,Програміст,місто Андрушівка,"сквер Урожайна, буд. 8, Бровари, 32941",514-92-58,veniiamyn43@example.net
Ярош,Святослав,Володимирович,Чоловіча,06.09.1991,Бухгалтер,місто Шпола,"набережна Естафетна, буд. 255 кв. 081, Здолбунів, 69735",+380 86 869 50 58,xieremenko@example.org
Саєнко,Святослав,Ігорович,Чоловіча,01.01.1946,Бухгалтер,місто Шахтарськ,"провулок Степний 2-й, буд. 86 кв. 0, Авдіївка, 87361",988-04-56,iashchukavrelii@example.com
Бевзенко,Гаврило,Петрович,Чоловіча,12.10.1948,Інженер,місто Златопіль,"сквер Чернівецький, буд. 75 кв. 775, Олександрівськ, 92957",054 241-52-90,irena94@example.org
Ґерета,Андрій,Володимирович,Чоловіча,03.02.1984,Бухгалтер,селище Новояворівськ,"проспект Палубний, буд. 8, Тернопіль, 23783",+380 65 460-89-88,nestornosachenko@example.net
Гавришкевич,Борис,Васильович,Чоловіча,09.01.1958,Менеджер,хутір Кам'янка-Дніпровська,"проспект Миколи Пильчикова, буд. 34, Ізюм, 31869",251 69 97,volodymyrdemianchuk@example.net
Дуплій,Єлисей,Тарасович,Чоловіча,18.09.1972,Адміністратор,хутір Радехів,"сквер Патріотична, буд. 3 кв. 7, Святогірськ, 25849",014 242-27-96,plytvynenko@example.org
Сич,Борис,Тарасович,Чоловіча,08.10.1972,Інженер,село Знам'янка,"площа Йосипа Тимченка, буд. 658, Таврійськ, 33549",+380 99 739-33-26,teodor44@example.org
Ватаманюк,Борислав,Сергійович,Чоловіча,20.11.1999,Адміністратор,місто Яготин,"проспект Прибережний, буд. 08 кв. 692, Сватове, 89003",099 580-73-31,shvachkaustym@example.com
Малишко,Іван,Іванович,Чоловіча,05.11.1975,Менеджер,село Мар'їнка,"парк Олени Теліги, буд. 44, Селидове, 77727",+380 24 651 33 13,ochalyi@example.com
Мамчур,Орест,Іванович,Чоловіча,01.02.2011,Адміністратор,село Городенка,"набережна Сегедська, буд. 525, Снігурівка, 37446",+380 50 629 26 27,amaliia15@example.com
Лубенець,Омелян,Ігорович,Чоловіча,17.03.1976,Адміністратор,село Авдіївка,"площа Пішонівська, буд. 408 кв. 41, Верхівцеве, 42373",+380 (70) 283-59-09,viacheslav70@example.net
Ґалаґан,Богуслав,Богданович,Чоловіча,10.11.1999,Менеджер,селище Барвінкове,"набережна Лютнева, буд. 5 кв. 796, Ірміно, 97103",+380 79 687-51-73,valerii99@example.net
Ажажа,Болеслав,Юрійович,Чоловіча,07.03.1987,Інженер,місто Городище,"набережна Вернидуба, буд. 7 кв. 404, Бережани, 53489",+380 64 947-78-69,bdeineka@example.net
Їжак,Алевтин,Богданович,Чоловіча,21.02.1949,Адміністратор,селище Вільногірськ,"узвіз Ігоря Кисельова, буд. 5, Хуст, 55108",+380 26 644-53-55,lukian24@example.com
Василечко,Максим,Арсенович,Чоловіча,08.07.1948,Бухгалтер,місто Берестин,"шосе Дюківська, буд. 2 кв. 750, Ланівці, 47587",+380 33 111-57-67,hryhorii58@example.net
Кибкало,Давид,Арсенович,Чоловіча,09.12.1990,Менеджер,місто Міусинськ,"провулок Лузанівська, буд. 36, Волноваха, 85609",946 50 46,sakymenko@example.org
Токар,Максим,Степанович,Чоловіча,18.09.1987,Програміст,селище Тернівка,"парк Могилівська, буд. 13, Коломия, 92904",+380 15 681-57-49,ekorbut@example.org
Бабиченко,Дан,Олександрович,Чоловіча,01.02.1979,Програміст,село Прилуки,"парк Донцова Дмитра, буд. 3 кв. 126, Луцьк, 74626",+380 61 204-17-60,prokhir45@example.net
Ґерус,Аврелій,Володимирович,Чоловіча,02.05.1996,Бухгалтер,місто Мена,"узвіз Хвиляста, буд. 9, Городище, 42403",027 874 72 80,medvedenkokamilla@example.org
Гаврилець,Леонтій,Максимович,Чоловіча,18.01.1952,Менеджер,місто Новоазовськ,"сквер Чумацька, буд. 4 кв. 6, Тульчин, 27054",+380 87 765 71 34,ustymbashtan@example.net
Туркало,Олекса,Олегович,Чоловіча,15.09.1974,Менеджер,місто Черкаси,"вулиця Миколи Плигуна, буд. 05, Очаків, 58796",+380 39 284-37-37,leonid93@example.net
Дерегус,Феофан,Романович,Чоловіча,29.11.1996,Бухгалтер,село Дубляни,"шосе Госпітальний, буд. 71 кв. 42, Багачеве, 01723",+380 65 128-63-31,nzasiadko@example.org
Баран,Олег,Андрійович,Чоловіча,27.07.1946,Бухгалтер,місто Іловайськ,"проспект Степова, буд. 086 кв. 831, Радивилів, 60954",+380 73 548-95-16,shabelko@example.com
Алексюк,Данило,Андрійович,Чоловіча,07.01.1949,Менеджер,селище Ржищів,"шосе Гобеленова, буд. 05 кв. 03, Могилів-Подільський, 68730",+380 06 898 64 43,udovenkopylyp@example.com
Ажажа,Федір,Іванович,Чоловіча,28.05.1985,Бухгалтер,село Ковель,"вулиця Студентський 3-й, буд. 91, Долина, 59531",+380 (62) 217-19-86,babenkosvitlana@example.org
Алексюк,Назар,Степанович,Чоловіча,29.05.1971,Програміст,хутір Зборів,"набережна Ананьївська, буд. 060, Берестин, 18471",+380 18 567-15-73,haidaburapavlo@example.net
Колодуб,Болеслав,Романович,Чоловіча,23.09.1952,Інженер,село Ірміно,"площа Рибальська, буд. 727, Жданівка, 17606",067 003-32-58,okseniia60@example.org
Базилевич,Євген,Степанович,Чоловіча,24.08.1965,Бухгалтер,місто Монастириська,"провулок Сінна, буд. 51, Отаманівка, 62607",033 933 38 19,haidairyna@example.net
Гаврилишин,Пилип,Степанович,Чоловіча,24.11.1954,Програміст,селище Кілія,"парк Керченський 2-й, буд. 892, Чистякове, 11767",+380 12 829-22-81,demydkhudiak@example.net
Сич,Зорян,Андрійович,Чоловіча,05.09.1986,Бухгалтер,хутір Кременчук,"площа Батуринська, буд. 94 кв. 80, Привілля, 33352",089-56-94,llazarenko@example.com
Зінченко,Геннадій,Васильович,Чоловіча,08.01.1994,Менеджер,село Шумськ,"проспект Шевальових, буд. 7, Сторожинець, 85290",007 160-84-90,danierchenko@example.net
Макогон,Ярослав,Юрійович,Чоловіча,17.09.1953,Бухгалтер,селище Бобровиця,"шосе Героїв УПА, буд. 8 кв. 37, Борислав, 14716",834-04-46,darynabezditko@example.com
Чередник,Володимир,Тарасович,Чоловіча,06.05.1992,Менеджер,село Калинівка,"площа Щоголєва, буд. 31 кв. 256, Бібрка, 73089",065 131-00-93,shutkohanna@example.com
Скиба,Ігнат,Олегович,Чоловіча,09.12.1986,Бухгалтер,хутір Попасна,"парк Колективний, буд. 9, Южне, 77746",+380 (50) 089-24-49,maryna90@example.net
Ґерус,Дмитро,Олександрович,Чоловіча,01.03.1973,Адміністратор,село Очаків,"провулок Яружний, буд. 51, Рубіжне, 11675",+380 08 773-76-29,huzleon@example.com
Яценко,Леон,Іванович,Чоловіча,15.11.1976,Інженер,місто Рожище,"провулок Глухий міст, буд. 2, Остер, 20834",062 581-39-87,albinavlasiuk@example.com
Дараган,Давид,Васильович,Чоловіча,20.06.1949,Бухгалтер,хутір Світлодарськ,"узвіз Заводська 3-тя, буд. 689, Винники, 30809",+380 28 044-66-35,qsamoilenko@example.org
Чарниш,Станіслав,Григорович,Чоловіча,08.06.1955,Інженер,хутір Антрацит,"шосе Український 3-й, буд. 969 кв. 7, Приморськ, 26841",082 945 69 75,dmytro88@example.net
Бабʼюк,Охрім,Ігорович,Чоловіча,30.03.1956,Програміст,село Чигирин,"проспект Байгородський, буд. 98, Миронівка, 66962",+380 62 879 59 76,andriievychstanislav@example.net
Баштан,Макар,Ігорович,Чоловіча,13.03.1972,Бухгалтер,село Пустомити,"сквер Донецька, буд. 52 кв. 1, Скалат, 48073",+380 (64) 145-38-76,irynaieremenko@example.com
Єресько,Орест,Ігорович,Чоловіча,23.05.1982,Бухгалтер,село Авдіївка,"вулиця Бориса Едуардса, буд. 01 кв. 91, Зборів, 76597",544 25 96,hrechanykiaroslava@example.net
Авдєєнко,Олекса,Романович,Чоловіча,03.10.2003,Інженер,село Чернігів,"сквер Литовська, буд. 58 кв. 666, Яготин, 53038",+380 18 718-83-42,danna90@example.org
Ющенко,Василь,Павлович,Чоловіча,20.09.1979,Бухгалтер,село Авдіївка,"площа Одеської громади, буд. 239, Валки, 81819",+380 (56) 449-57-63,okhrimenkoalbina@example.com
Демиденко,Степан,Арсенович,Чоловіча,17.01.1967,Програміст,село Радехів,"шосе Навігаційний, буд. 428 кв. 7, Донецьк, 95491",094 945-35-86,kalchenkoalina@example.org
Андрійович,Георгій,Сергійович,Чоловіча,25.05.1948,Інженер,село Бібрка,"проспект Старицького, буд. 03, Тростянець, 06202",+380 (53) 752-26-95,devdiukliliia@example.org
Стус,Стефан,Васильович,Чоловіча,29.07.1999,Інженер,місто Рені,"площа Бориса Едуардса, буд. 51, Кременчук, 61858",+380 94 354-36-37,bohodarshakhrai@example.com
Гузь,Семен,Іванович,Чоловіча,14.06.2002,Бухгалтер,хутір Житомир,"набережна Лінія 52-га, буд. 375 кв. 80, Тростянець, 24684",+380 13 658 88 19,vakhniistefan@example.com
Устенко,Адам,Максимович,Чоловіча,03.06.1967,Програміст,місто Курахове,"проспект Левадна, буд. 12, Алчевськ, 29738",025 909-48-51,verkhovynetsklavdiia@example.com
Чайка,Азар,Степанович,Чоловіча,28.07.1964,Програміст,село Джанкой,"сквер Рибальська балка, буд. 58, Старокостянтинів, 92915",+380 22 660-44-03,solomonsych@example.net
Гаєвський,Зорян,Васильович,Чоловіча,22.04.2002,Програміст,село Алмазна,"набережна Центральний аеропорт, буд. 551 кв. 55, Золочів, 87941",590 52 38,viktorskorobohatko@example.org
Атрощенко,Леопольд,Сергійович,Чоловіча,21.12.2001,Програміст,місто Ясинувата,"площа Кавунова, буд. 0 кв. 42, Любомль, 25130",264-41-05,riefymenko@example.com
Устенко,Арсен,Павлович,Чоловіча,14.02.1962,Менеджер,місто Докучаєвськ,"вулиця Восьмого Березня Лінія 1-ша, буд. 097 кв. 42, Гадяч, 12066",362 79 95,uhuzii@example.net
Швачко,Вʼячеслав,Олександрович,Чоловіча,19.05.1977,Адміністратор,місто Борзна,"узвіз Київське, буд. 950 кв. 842, Чоп, 53244",+380 84 101 58 44,zakharenkoboryslav@example.org
Єрьоменко,Яків,Григорович,Чоловіча,06.11.2007,Бухгалтер,селище Дебальцеве,"сквер Товарний, буд. 6, Алмазна, 28005",+380 (50) 289-57-38,avhustyndzyndra@example.org
Саченко,Назар,Дмитрович,Чоловіча,13.03.2009,Адміністратор,хутір Бердянськ,"парк Лиманний, буд. 58, Коломия, 22381",074 386 31 69,ivivcharenko@example.com
Вернигора,Охрім,Миколайович,Чоловіча,17.06.1978,Бухгалтер,хутір Костопіль,"парк Будівельна, буд. 191 кв. 12, Рубіжне, 73787",+380 03 564 80 85,zorian18@example.org
Кащенко,Остап,Григорович,Чоловіча,25.05.1965,Програміст,селище Арциз,"сквер Миколи Міхновського, буд. 381 кв. 080, Бунге, 28919",+380 36 260-01-94,valentyna04@example.org
Худяк,Веніямин,Юрійович,Чоловіча,29.06.2005,Менеджер,село Зоринськ,"набережна Миколи Савича, буд. 19, Жданівка, 68138",+380 87 153-61-38,zasiadkostepan@example.com
Зінчук,Ігор,Тарасович,Чоловіча,17.12.1998,Інженер,село Кривий Ріг,"проспект Валіховський, буд. 316 кв. 269, Коломия, 40338",024 116-25-48,dan72@example.org
Єременко,Орхип,Володимирович,Чоловіча,18.12.2011,Програміст,селище Сокологірськ,"парк Ширяївський, буд. 361 кв. 72, Приморськ, 23039",057 842 63 49,boryspetrenko@example.org
Уманець,Олег,Васильович,Чоловіча,18.08.1969,Менеджер,село Вилкове,"проспект Наявний 2-й, буд. 88 кв. 426, Вишневе, 36228",026 862-39-23,dan73@example.net
Гриценко,Руслан,Богданович,Чоловіча,25.11.1986,Адміністратор,село Острог,"узвіз Лузанівський 2-й, буд. 08, Сокиряни, 30962",+380 15 912 44 25,amvrosii10@example.com
Шведченко,Валерій,Олександрович,Чоловіча,09.05.1947,Інженер,місто Марганець,"сквер Кладовищний, буд. 2 кв. 75, Ічня, 08303",025 639-68-18,ntalan@example.net
Чекалюк,Демʼян,Максимович,Чоловіча,24.09.1963,Бухгалтер,місто Знам'янка,"сквер Луценка Івана, буд. 0 кв. 113, Докучаєвськ, 06174",966-48-40,mykolaishynkarenko@example.com
Засенко,Устим,Юрійович,Чоловіча,14.05.1996,Менеджер,село Снятин,"шосе Колективний, буд. 824 кв. 7, Козятин, 20072",+380 (48) 156-98-02,sviatoslavdziuba@example.net
Гаврилюк,Микита,Іванович,Чоловіча,23.03.1974,Менеджер,село Таврійськ,"набережна Умова, буд. 08, Авдіївка, 90033",+380 06 486-39-91,avhustynpetrenko@example.net
Франко,Макар,Миколайович,Чоловіча,02.08.1986,Менеджер,хутір Вугледар,"сквер Свободи, буд. 8 кв. 71, Ківерці, 22646",849-59-40,ustenkosymon@example.net
Кальченко,Володимир,Тарасович,Чоловіча,27.03.2000,Інженер,хутір Хорол,"провулок Маковий, буд. 41 кв. 184, Нововолинськ, 63805",489 99 19,zdzhun@example.net
Вакарчук,Хома,Юрійович,Чоловіча,21.07.1984,Інженер,хутір Остер,"площа Станційна 2-га, буд. 8 кв. 026, Ірпінь, 02660",813 59 52,baranykborys@example.org
Артеменко,Андрій,Миколайович,Чоловіча,01.03.1964,Адміністратор,село Бібрка,"узвіз Георгія Гамова, буд. 740 кв. 31, Дергачі, 73873",+380 44 156-45-15,leonkhrystenko@example.net
Бабариченко,Венедикт,Сергійович,Чоловіча,11.04.2003,Менеджер,місто Малин,"шосе Пересипська 1-ша, буд. 8, Голубівка, 97120",+380 08 765-21-75,zabilafedir@example.org
Абрагамовський,Адам,Ігорович,Чоловіча,26.12.1986,Адміністратор,село Яворів,"набережна Офіцерська, буд. 776, Вільногірськ, 51476",+380 92 236-37-54,tereza54@example.org
Гаврилишин,Микита,Тарасович,Чоловіча,01.11.1963,Бухгалтер,хутір Сторожинець,"площа Миколи Савича, буд. 4, Скалат, 47701",096 774 27 13,maryna76@example.org
Щириця,Остап,Сергійович,Чоловіча,20.07.1960,Менеджер,селище Подільськ,"площа Сашка Хорошенка, буд. 593, Могилів-Подільський, 60895",+380 (60) 533-59-00,bohdannadanylchuk@example.com
Бакуменко,Герман,Арсенович,Чоловіча,22.07.1963,Адміністратор,хутір Чигирин,"провулок Прорізна, буд. 913, Мостиська, 59284",+380 78 343 46 34,zynoviikonoplenko@example.net
Уманець,Валентин,Степанович,Чоловіча,16.07.1946,Бухгалтер,місто Кропивницький,"площа Рельєфна, буд. 6, Сарни, 24023",+380 (56) 086-92-06,bashtanpylyp@example.org
Бабʼяк,Гліб,Андрійович,Чоловіча,08.02.1960,Адміністратор,хутір Федорівка,"провулок Лінія 51-ша, буд. 1, Гола Пристань, 18283",016 889 02 91,iashchukvolodymyra@example.net
Червоненко,Назар,Тарасович,Чоловіча,14.10.1966,Інженер,хутір Очаків,"проспект Проектний 5-й, буд. 83, Ізмаїл, 78468",024 378-64-80,nadiialubenets@example.com
Чарниш,Демид,Романович,Чоловіча,23.05.1998,Програміст,селище Берислав,"набережна Моторний 1-й, буд. 9, Маріуполь, 76087",074 150-76-41,zakharenkozynovii@example.org
Ґоляш,Богуслав,Олександрович,Чоловіча,21.08.2002,Менеджер,селище Середина-Буда,"провулок 17-та Лінія 6-й ст. Люстдорфської дороги, буд. 471 кв. 0, Зоринськ, 16073",+380 50 868 98 39,orkhypprotsenko@example.com
Канівець,Яків,Романович,Чоловіча,07.06.1985,Менеджер,хутір Новий Буг,"вулиця Поштовий, буд. 2 кв. 79, Любомль, 23997",+380 (54) 857-73-79,symon68@example.com
Ґалаґан,Онисим,Володимирович,Чоловіча,17.12.1988,Інженер,селище Білицьке,"парк Лінія 32-га, буд. 868, Лозова, 37133",+380 47 447 58 83,irena39@example.org
Хоменко,Веніямин,Олександрович,Чоловіча,22.08.2010,Адміністратор,хутір Тетіїв,"узвіз Юннатів 2-й, буд. 83, Скадовськ, 97140",+380 04 557-06-27,zorian44@example.com
Василечко,Теодор,Романович,Чоловіча,30.10.1968,Бухгалтер,селище Василівка,"проспект Щіпний, буд. 05 кв. 27, Узин, 07355",+380 19 682-26-56,pnestaiko@example.net
Верес,Ярема,Андрійович,Чоловіча,16.03.1969,Інженер,село Стебник,"провулок Березовий, буд. 01 кв. 42, Балаклія, 13189",+380 93 887-79-52,xlemeshko@example.org
Рубець,Максим,Юрійович,Чоловіча,07.05.1949,Інженер,село Кодима,"шосе Рожева, буд. 833, Новоселиця, 56026",023 788 94 11,olenaveres@example.net
Акуленко,Василь,Петрович,Чоловіча,23.01.1964,Адміністратор,місто Нетішин,"шосе Привозна, буд. 57 кв. 3, Гайсин, 14203",078 443-94-43,ndemianchuk@example.com
Копитко,Соломон,Тарасович,Чоловіча,04.05.1956,Бухгалтер,село Вишневе,"узвіз Кременецький, буд. 95 кв. 109, Кіцмань, 98931",035 223 24 11,czubko@example.com
Влох,Юстим,Володимирович,Чоловіча,13.07.2008,Менеджер,хутір Маріуполь,"вулиця Пересипська 7-ма, буд. 44 кв. 24, Любомль, 16954",765-59-76,davydarkhymovych@example.net
Швачка,Ігор,Олександрович,Чоловіча,26.02.1946,Менеджер,хутір Сорокине,"набережна Лінія 45-та, буд. 9, Кодима, 67864",101-76-42,iarynachekaliuk@example.com
Фаренюк,Левко,Петрович,Чоловіча,25.05.1981,Бухгалтер,селище Армянськ,"вулиця Лузанівський 1-й, буд. 99 кв. 996, Суходільськ, 06266",070 189 94 63,ukovaliuk@example.com
Чубай,Борис,Степанович,Чоловіча,27.01.1995,Інженер,місто Носівка,"узвіз Кастуся Калиновського, буд. 500 кв. 657, Корсунь-Шевченківський, 39187",039 324 96 01,oleh11@example.org
Сімашкевич,Болеслав,Андрійович,Чоловіча,27.11.1972,Програміст,хутір Городня,"узвіз Професора Каришковського, буд. 8, Белз, 33533",052 449 99 54,edyta59@example.net
Височан,Богуслав,Миколайович,Чоловіча,22.11.1979,Бухгалтер,село Мостиська,"проспект Дідріхсона, буд. 207, Коростишів, 54269",+380 29 456-91-63,vitaliilevchenko@example.com
Малишко,Болеслав,Григорович,Чоловіча,05.06.1948,Менеджер,село Коростишів,"парк Кристаловського, буд. 4 кв. 17, Хрестівка, 42147",839-77-70,perebyinisleontii@example.org
Штепа,Макар,Олегович,Чоловіча,22.02.1974,Бухгалтер,селище Хоростків,"сквер Миколи Костомарова, буд. 31, Болград, 95757",021 463 66 47,klavdiia50@example.com
Саченко,Ілля,Олександрович,Чоловіча,12.04.1991,Програміст,селище Макіївка,"провулок Флотський 3-й, буд. 319 кв. 191, Соснівка, 55300",+380 (66) 639-50-08,danylonosachenko@example.com
Піддубний,Семен,Олександрович,Чоловіча,29.01.1957,Інженер,селище Вознесенівка,"парк Південна, буд. 061 кв. 652, Бровари, 46049",042 596 53 43,oierchenko@example.com
Тесля,Давид,Сергійович,Чоловіча,19.08.1964,Адміністратор,село Чортків,"сквер Нова, буд. 613, Деражня, 95666",+380 32 374-85-11,ckolesnychenko@example.net
Корпанюк,Варфоломій,Романович,Чоловіча,11.01.1975,Адміністратор,місто Шумськ,"набережна Анатолія Бачинського, буд. 987, Сколе, 71737",080 31 47,goliashleonid@example.com
Андрейко,Пармен,Андрійович,Чоловіча,29.10.2002,Бухгалтер,селище Винники,"проспект Дністровська, буд. 53 кв. 44, Сокиряни, 17668",088-93-08,qpoltavets@example.com
Ковалюк,Венедикт,Миколайович,Чоловіча,19.05.1995,Менеджер,місто Корець,"парк Пироговський, буд. 03, Андрушівка, 88577",098 718 33 96,gkorzh@example.net
Абрамчук,Демид,Миколайович,Чоловіча,02.10.1999,Програміст,місто Хоростків,"набережна Павла Чубинського, буд. 249 кв. 821, Нова Каховка, 34302",+380 31 268-74-39,andreikooryna@example.net
Гавриленко,Петро,Тарасович,Чоловіча,07.11.1995,Програміст,місто Зимогір'я,"шосе Офіцерський 2-й, буд. 619, Глиняни, 72840",+380 (13) 786-15-57,bezditkoleontii@example.com
Савенко,Руслан,Юрійович,Чоловіча,06.06.1950,Бухгалтер,село Виноградів,"провулок Артилерійський 2-й, буд. 6, Монастириська, 45891",+380 (30) 564-60-56,elemeshko@example.org
Іванченко,Пармен,Ігорович,Чоловіча,21.01.1976,Адміністратор,місто Миколаївка,"вулиця 2-га Лінія 6-й ст. Люстдорфської дороги, буд. 0, Коростишів, 50914",+380 (94) 662-97-92,usymonenko@example.org
Ємець,Віктор,Васильович,Чоловіча,02.05.1975,Бухгалтер,село Городня,"шосе Східчастий, буд. 3, Вараш, 99031",436-40-66,danna69@example.org
Палій,Мирослав,Дмитрович,Чоловіча,10.01.1984,Інженер,хутір Білозерське,"провулок Туристський, буд. 97 кв. 7, Ічня, 68099",+380 95 484 56 15,hutsuliakhanna@example.com
Іваненко,Василь,Юрійович,Чоловіча,29.02.1952,Менеджер,село Зимогір'я,"проспект Травневий 2-й, буд. 4, Чернігів, 65304",+380 72 735-22-39,ktovstolis@example.org
Власюк,Ростислав,Арсенович,Чоловіча,01.03.1989,Адміністратор,селище Ржищів,"набережна Абрикосова, буд. 162, Вижниця, 97471",+380 53 891-28-48,mzakharchenko@example.com
Червоненко,Теодор,Миколайович,Чоловіча,28.08.1974,Інженер,місто Синельникове,"парк Розумовський 1-й, буд. 2, Охтирка, 22609",+380 91 190-32-07,tymofii72@example.org
Верменич,Болеслав,Максимович,Чоловіча,28.07.1968,Програміст,селище Кипуче,"набережна Тополиний, буд. 6, Тячів, 15830",052 327-87-44,revamartyn@example.net
Савенко,Хома,Іванович,Чоловіча,29.11.1946,Бухгалтер,хутір Біляївка,"парк Олексіївська, буд. 92, Городок, 32471",935-95-73,mvernydub@example.com
Хоменко,Леопольд,Степанович,Чоловіча,28.12.1995,Адміністратор,хутір Путивль,"провулок 14-та Лінія 6-й ст. Люстдорфської дороги, буд. 683 кв. 4, Вугледар, 51159",689-98-44,qvakhnii@example.com
Шинкаренко,Руслан,Ігорович,Чоловіча,23.09.1987,Інженер,село Гірник,"парк Лазурний 2-й, буд. 5 кв. 60, Олевськ, 24438",014 707 95 87,xhavrylenko@example.net
Чумак,Семен,Павлович,Чоловіча,15.07.1961,Менеджер,хутір Авдіївка,"парк Андросовський, буд. 740 кв. 08, Молочанськ, 92149",270 76 22,avhustyn69@example.net
Іващенко,Трохим,Іванович,Чоловіча,07.10.2008,Бухгалтер,місто Бар,"набережна В'ячеслава Липинського, буд. 27, Миронівка, 64380",014 371 56 22,skanivets@example.net
Ванченко,Аркадій,Романович,Чоловіча,02.06.1954,Програміст,село Могилів-Подільський,"площа Санітарна, буд. 492, Кам'янка (Черкаська область), 54576",+380 (23) 548-70-29,hordiiarkhymovych@example.org
Фесенко,Ростислав,Петрович,Чоловіча,07.07.1966,Інженер,селище Надвірна,"сквер Михайла Омеляновича-Павленка, буд. 7 кв. 30, Семенівка, 66724",041 056-83-76,svitlana88@example.net
Лагода,Зиновій,Олександрович,Чоловіча,04.01.1972,Програміст,хутір Світлодарськ,"узвіз Зої Бутенко, буд. 47, Прилуки, 87747",+380 49 188-29-72,alekseienkoalina@example.net
Чміль,Охрім,Романович,Чоловіча,25.01.2008,Менеджер,село Генічеськ,"парк Регенсбург, буд. 61, Старобільськ, 93974",654 53 60,petrobabak@example.net
Батіг,Максим,Дмитрович,Чоловіча,15.08.1993,Менеджер,селище Рогатин,"вулиця Косовська, буд. 792, Корюківка, 90053",+380 88 975 33 57,okhrimenkopetro@example.com
Лагода,Сергій,Іванович,Чоловіча,16.04.1987,Інженер,селище Бар,"парк Симфонічна, буд. 8, Верхівцеве, 13891",262 72 62,gerussviatoslav@example.net
Козак,Мартин,Дмитрович,Чоловіча,06.03.1955,Бухгалтер,село Тараща,"площа Корнюшина, буд. 16 кв. 640, Зміїв, 05215",061 883-56-82,leonidsamoilenko@example.org
Ґерус,Опанас,Васильович,Чоловіча,26.02.2006,Менеджер,селище Ківерці,"парк Отрада, буд. 78 кв. 01, Заставна, 05286",+380 51 832-08-74,ipavlychenko@example.com
Жук,Алевтин,Андрійович,Чоловіча,30.07.1965,Адміністратор,село Путивль,"сквер Аеропортівський 6-й, буд. 20 кв. 404, Стрий, 32244",+380 23 270-70-23,feofan20@example.org
Пустовіт,Климент,Григорович,Чоловіча,05.06.1983,Менеджер,місто Хмельницький,"вулиця Лінія 43-тя, буд. 975, Бахмут, 78353",012 097-13-17,nestor54@example.org
Чорновіл,Демид,Васильович,Чоловіча,15.06.1948,Програміст,селище Новий Розділ,"шосе Багринова, буд. 8, Буча, 46437",+380 92 017-59-89,pustovitvira@example.org
Тимчук,Алевтин,Васильович,Чоловіча,30.11.2008,Адміністратор,хутір Канів,"узвіз Приморський, буд. 028, Багачеве, 85087",+380 (82) 435-89-58,bohuslava14@example.com
Яценко,Демид,Володимирович,Чоловіча,19.10.1948,Адміністратор,місто Привілля,"вулиця Географічний, буд. 395, Балаклія, 91235",056 833 88 25,danchenkoorest@example.org
Шаблій,Віталій,Павлович,Чоловіча,15.07.1950,Адміністратор,місто Андрушівка,"вулиця Угорська, буд. 379, Звенигородка, 68337",077 767-03-89,ustym80@example.net
Данилюк,Яків,Васильович,Чоловіча,19.07.2007,Програміст,хутір Збараж,"шосе Заводська 1-ша, буд. 5 кв. 413, Гуляйполе, 81488",+380 76 169 59 02,savenkoleopold@example.net
Сацюк,Костянтин,Арсенович,Чоловіча,22.05.1955,Адміністратор,село Херсон,"площа Наливна, буд. 016 кв. 109, Обухів, 67800",074 095-85-37,viktoriiabarannyk@example.org
Микитюк,Аврелій,Григорович,Чоловіча,15.09.1961,Бухгалтер,селище Борзна,"набережна Сім'ї Глодан, буд. 21 кв. 7, Львів, 28047",+380 87 550-62-24,pushkarmartyn@example.com
Непорожній,Данило,Ігорович,Чоловіча,11.02.1947,Адміністратор,місто Борислав,"сквер Сумський, буд. 2 кв. 82, Южне, 76021",+380 (93) 544-62-60,ivan13@example.net
Мамчур,Опанас,Павлович,Чоловіча,01.09.1983,Адміністратор,селище Хуст,"шосе Платанова, буд. 81 кв. 6, Монастирище, 08394",384 32 26,iarema81@example.com
Цушко,Єфрем,Володимирович,Чоловіча,13.08.1974,Менеджер,хутір Баранівка,"узвіз Куликовський 2-й, буд. 201 кв. 405, Харцизьк, 44449",502 81 06,boryslavkhudiak@example.org
Жаліло,Валентин,Тарасович,Чоловіча,16.05.1993,Менеджер,місто Буринь,"вулиця Лінія 47-ма, буд. 1 кв. 96, Черкаси, 35715",040 802 86 44,viktoriiarudko@example.com
Ковалюк,Борислав,Володимирович,Чоловіча,18.03.1981,Адміністратор,селище Шахтарськ,"парк Шефська, буд. 2 кв. 0, Хрестівка, 42438",+380 (73) 672-34-43,ostapbabenko@example.com
Данильчук,Устим,Олегович,Чоловіча,19.02.1993,Бухгалтер,хутір Марганець,"сквер Миколи Костомарова, буд. 4, Алмазна, 25125",+380 92 425-37-11,anzhelaliashko@example.com
Іванченко,Степан,Романович,Чоловіча,02.11.1991,Бухгалтер,село Заліщики,"вулиця Басейний 1-й, буд. 939 кв. 10, Обухів, 06477",+380 (69) 949-67-82,leonprokopovych@example.org
Бакуменко,Марко,Андрійович,Чоловіча,23.04.1965,Менеджер,місто Рава-Руська,"провулок Яблунева, буд. 150 кв. 597, Роздільна, 50166",029 732 21 62,albinafomenko@example.org
Конопленко,Степан,Павлович,Чоловіча,23.01.1960,Менеджер,хутір Хрустальний,"шосе Горизонтальна, буд. 8 кв. 434, Хмільник, 63364",+380 (48) 922-89-69,xlytvynenko@example.com
Приймак,Вʼячеслав,Олегович,Чоловіча,22.07.1967,Бухгалтер,село Євпаторія,"узвіз Музична, буд. 35, Ічня, 45485",055 601-79-75,khorishkooleksa@example.com
Демʼянчук,Вʼячеслав,Миколайович,Чоловіча,13.04.1963,Бухгалтер,місто Авдіївка,"узвіз Миколи Вороного, буд. 069 кв. 82, Підгородне, 12279",082 374 05 79,volodymyrisaievych@example.com
Орлик,Яків,Іванович,Чоловіча,22.04.2000,Менеджер,селище Ходорів,"узвіз Кастуся Калиновського, буд. 13, Федорівка, 20969",000 56 75,amaliia96@example.com
Деряжний,Демид,Іванович,Чоловіча,12.10.1983,Інженер,село Кодима,"проспект Пересипська 1-ша, буд. 342, Київ, 12422",+380 00 886 44 47,iakiv38@example.com
Журба,Леонтій,Степанович,Чоловіча,27.03.1949,Програміст,місто Волноваха,"провулок Прокатна, буд. 52 кв. 562, Кам'янка-Бузька, 45439",+380 (55) 274-81-48,xkybkalo@example.com
Цюпа,Гаврило,Петрович,Чоловіча,04.05.1984,Бухгалтер,місто Кіцмань,"вулиця Болгарська, буд. 74 кв. 13, Острог, 56457",+380 70 794-47-35,leonid55@example.com
Усик,Гаврило,Максимович,Чоловіча,02.09.1999,Менеджер,місто Дебальцеве,"парк Віталія Гуляєва, буд. 827, Новогродівка, 37560",+380 24 574 60 58,dmytrooliinyk@example.com
Ґоляш,Володимир,Андрійович,Чоловіча,23.04.2009,Менеджер,місто Тульчин,"площа Музична, буд. 2 кв. 14, Прип'ять, 66834",379-11-14,artemzakusylo@example.org
Засядько,Давид,Григорович,Чоловіча,24.05.1959,Адміністратор,село Новоазовськ,"вулиця Торгова, буд. 69 кв. 12, Ржищів, 26624",012 225 33 76,nataliialaba@example.com
Товстуха,Андрій,Васильович,Чоловіча,14.06.1968,Менеджер,селище Токмак,"вулиця Лучиста, буд. 31 кв. 0, Костопіль, 03172",+380 82 578-89-87,omelian73@example.net
Єременко,Федір,Іванович,Чоловіча,12.03.1996,Програміст,місто Ічня,"площа Стеценко, буд. 41, Боково-Хрустальне, 31427",009 845-84-52,qrubets@example.com
Цибуленко,Ілля,Павлович,Чоловіча,28.08.1947,Програміст,хутір Тернопіль,"проспект Геологічна, буд. 64, Гірник, 86385",022 673 34 23,parasiukkamilla@example.com
Гайда,Демʼян,Григорович,Чоловіча,08.02.1958,Менеджер,хутір Гірник,"проспект Нафтовиків 3-й, буд. 649 кв. 1, Чорнобиль, 22327",580 82 36,ielysaveta04@example.com
Артимович,Антон,Сергійович,Чоловіча,24.03.1953,Бухгалтер,село Новоукраїнка,"проспект 17-та Лінія 6-й ст. Люстдорфської дороги, буд. 576, Золочів, 93125",+380 20 891-29-54,violettasymonenko@example.net
Деряжний,Богодар,Олександрович,Чоловіча,24.02.1959,Менеджер,місто Борислав,"шосе Люстдорфський, буд. 5 кв. 9, Шахтарське, 35883",+380 74 636-35-83,bohuslava70@example.com
Копитко,Владислав,Арсенович,Чоловіча,18.11.1969,Менеджер,село Долинська,"узвіз Дерибасівська, буд. 6 кв. 1, Шаргород, 35876",+380 24 242-50-77,barkhypenko@example.com
Демʼянчук,Демʼян,Дмитрович,Чоловіча,07.02.1989,Бухгалтер,хутір Люботин,"парк Локомотивний 2-й, буд. 445, Тростянець, 22596",+380 (10) 089-44-99,mykhailyna57@example.net
Ґалаґан,Онисим,Степанович,Чоловіча,07.10.1988,Менеджер,село Кипуче,"площа Михайла Омеляновича-Павленка, буд. 615 кв. 41, Кам'янець-Подільський, 16483",063 831 16 71,naronets@example.org
Ємельяненко,Олекса,Іванович,Чоловіча,29.08.1965,Програміст,село Берислав,"шосе Лазурний 2-й, буд. 1 кв. 3, Бахмут, 44501",013 445-94-59,viushchenko@example.net
Вергун,Захар,Юрійович,Чоловіча,11.11.1948,Менеджер,селище Любомль,"шосе Івана Микитенка, буд. 0, Шостка, 48212",918 46 73,abandera@example.org
Шеремет,Едуард,Андрійович,Чоловіча,30.10.1963,Бухгалтер,селище Ромни,"провулок Проценка, буд. 70 кв. 8, Павлоград, 88626",656 44 28,mariiadakhno@example.org
Харченко,Богодар,Миколайович,Чоловіча,02.03.1989,Менеджер,місто Андрушівка,"вулиця Партизанської слави, буд. 802, Покровськ, 85701",023 227-71-34,oksanalazarenko@example.com
Пустовіт,Хома,Романович,Чоловіча,26.06.1997,Менеджер,хутір Златопіль,"узвіз Хвиляста, буд. 301 кв. 9, Чернігів, 03645",032 808-03-18,szakharchenko@example.com
Яремків,Веніямин,Павлович,Чоловіча,11.03.1976,Бухгалтер,хутір Новодністровськ,"узвіз Моторний 1-й, буд. 764 кв. 86, Суми, 78635",+380 89 211 97 56,rubetsihor@example.org
Закусило,Альберт,Іванович,Чоловіча,22.09.1991,Адміністратор,місто Привілля,"провулок Надіїі, буд. 179, Приморськ, 31806",970-62-97,zorian46@example.com
Чайка,Адам,Арсенович,Чоловіча,15.06.1946,Програміст,місто Кадіївка,"вулиця Горбиста, буд. 71, Лозова, 45856",634 14 35,vasylyna73@example.com
Черненко,Віктор,Романович,Чоловіча,23.02.1990,Адміністратор,хутір Бершадь,"провулок Ф. Пішеніна, буд. 8 кв. 87, Сокиряни, 11592",+380 55 228-95-11,iukhymmakohon@example.com
Кибкало,Гаврило,Романович,Чоловіча,15.05.2005,Бухгалтер,місто Тульчин,"парк Книжковий, буд. 610 кв. 129, Чистякове, 15537",+380 31 068-68-77,sviatoslavashchors@example.org
Баклан,Панас,Максимович,Чоловіча,06.02.2010,Програміст,селище Монастирище,"проспект Наявний 3-й, буд. 50 кв. 945, Хрестівка, 01262",807-17-17,boleslav25@example.net
Штокало,Леопольд,Ігорович,Чоловіча,27.05.1976,Бухгалтер,місто Берестечко,"вулиця Олександрійський, буд. 3 кв. 0, Чоп, 21257",+380 65 557 84 32,rostyslav40@example.net
Акименко,Демид,Павлович,Чоловіча,27.01.1993,Адміністратор,село Ірміно,"шосе Виноградна 1-ша, буд. 87 кв. 06, Костянтинівка, 21237",+380 32 104-69-58,tereshchukmyroslav@example.com
Шиян,Валерій,Арсенович,Чоловіча,01.03.1999,Адміністратор,селище Гола Пристань,"узвіз Юрія Кондратюка, буд. 991, Моспине, 90419",097 798-78-26,panteleimon27@example.org
Корпанюк,Аарон,Володимирович,Чоловіча,20.05.2011,Менеджер,хутір Тетіїв,"узвіз Дунайська, буд. 36 кв. 441, Горішні Плавні, 73940",+380 42 291-03-60,viktoriiavelychko@example.org
Скоробогатько,Георгій,Максимович,Чоловіча,30.03.1955,Програміст,село Амвросіївка,"сквер Прорізна, буд. 759, Турка, 98271",+380 96 885-17-56,petrobabenko@example.net
Зубко,Валерій,Максимович,Чоловіча,08.11.1992,Інженер,хутір Малин,"парк Літня, буд. 9 кв. 613, Городище, 31913",186-37-65,ieva33@example.org
Чаленко,Семен,Петрович,Чоловіча,21.12.1971,Адміністратор,хутір Бобринець,"узвіз Тараса Кузьміна, буд. 768, Мар'їнка, 37248",034 478 06 52,rhavryliv@example.org
Козак,Данило,Миколайович,Чоловіча,01.07.1960,Програміст,місто Рені,"парк Байгородський, буд. 1 кв. 536, Дергачі, 45020",016 428-00-28,fiarosh@example.net
Їжак,Борис,Олегович,Чоловіча,10.07.1965,Адміністратор,селище Нетішин,"площа Стамбульський, буд. 635 кв. 413, Богуслав, 75122",+380 00 534-88-77,ustymilienko@example.net
Дараган,Павло,Олександрович,Чоловіча,30.04.2008,Бухгалтер,село Ізюм,"узвіз Студентський 4-й, буд. 987, Гребінка, 88851",+380 45 454-21-58,serhiiivashchenko@example.org
Цісик,Олександр,Степанович,Чоловіча,09.03.1968,Інженер,село Батурин,"сквер Чорноморський 13-й, буд. 074, Рахів, 01556",327 57 16,iaroslav91@example.org
Гавришкевич,Феофан,Богданович,Чоловіча,29.04.2005,Адміністратор,селище Новгород-Сіверський,"провулок Байкал тупик, буд. 7, Кролевець, 28592",+380 (88) 198-89-90,jpetrenko@example.net
Девдюк,Ілля,Юрійович,Чоловіча,10.04.1954,Програміст,місто Великі Мости,"площа Лінія 53-тя, буд. 77 кв. 4, Кагарлик, 13363",681-95-55,szhadan@example.com
Шеремет,Антон,Степанович,Чоловіча,21.09.1956,Бухгалтер,селище Кропивницький,"набережна Авангардна, буд. 6 кв. 3, Покровськ, 92454",+380 56 214 01 22,huksofiia@example.com
Скиба,Едуард,Олександрович,Чоловіча,23.11.2007,Менеджер,місто Хмільник,"парк Український 2-й, буд. 16, Алупка, 83447",551-14-76,malykspas@example.net
Дейсун,Демид,Іванович,Чоловіча,04.08.1976,Інженер,селище Шаргород,"узвіз Йосипа Тимченка, буд. 8, Шпола, 35422",+380 67 008-80-50,yivashchenko@example.net
Лаба,Дмитро,Володимирович,Чоловіча,15.04.1992,Інженер,хутір Феодосія,"сквер Байдарочний, буд. 7, Новоселиця, 24122",836 94 94,danchukstanislav@example.org
Лукаш,Феофан,Дмитрович,Чоловіча,28.08.1979,Менеджер,хутір Могилів-Подільський,"шосе Богуна, буд. 27 кв. 1, Охтирка, 80242",017 414-92-83,redkoalla@example.com
Штепа,Яків,Арсенович,Чоловіча,08.11.2010,Адміністратор,хутір Дергачі,"вулиця Толвінського, буд. 9, Кипуче, 96916",+380 (77) 240-57-25,shtokaloalbina@example.org
Червоненко,Леонтій,Богданович,Чоловіча,02.09.2008,Адміністратор,селище Устилуг,"сквер Остапа Вишні, буд. 117, Старокостянтинів, 43729",+380 74 973-39-40,hsamoilenko@example.com
Ящук,Юхим,Григорович,Чоловіча,17.11.1985,Бухгалтер,хутір Борислав,"проспект Львівський, буд. 28, Кременчук, 40916",+380 45 866 82 54,zakhar23@example.net
Ткач,Ігор,Романович,Чоловіча,16.06.1993,Програміст,місто Лисичанськ,"площа Верстатобудівна, буд. 173, Багачеве, 40557",017 377-09-87,viktoriiavovk@example.com
Талан,Микита,Іванович,Чоловіча,23.12.1960,Бухгалтер,хутір Мелітополь,"проспект Вірського, буд. 96 кв. 879, Курахове, 76210",+380 41 732-22-21,zynoviiumanets@example.net
Цушко,Венедикт,Ігорович,Чоловіча,27.10.1946,Інженер,селище Полонне,"парк 3-тя Лінія 6-й ст. Люстдорфської дороги, буд. 831, Корець, 83091",+380 92 828 28 81,kalenychenkohryhorii@example.org
Чаленко,Валентин,Іванович,Чоловіча,14.07.1994,Бухгалтер,селище Феодосія,"парк Літня, буд. 814, Погребище, 49453",+380 81 770 83 80,orest43@example.net
Хомик,Георгій,Павлович,Чоловіча,25.12.1972,Адміністратор,село Мостиська,"площа Роздольна, буд. 45, Ківерці, 38347",918-52-63,sdubas@example.org
Вакарчук,Болеслав,Арсенович,Чоловіча,19.03.1997,Інженер,хутір Хмельницький,"парк Новосельского, буд. 010, Броди, 33724",061 946 26 25,okseniiashchyrytsia@example.com
Дацюк,Алевтин,Сергійович,Чоловіча,31.07.1951,Менеджер,село Вільнянськ,"площа Естонська, буд. 773 кв. 0, Тлумач, 21366",550-95-09,marynarak@example.net
Забарний,Олекса,Максимович,Чоловіча,26.03.1992,Менеджер,місто Подільськ,"проспект Проектний 5-й, буд. 93 кв. 21, Пирятин, 57434",+380 (84) 176-19-81,boleslav75@example.com
Михайлюк,Олександр,Юрійович,Чоловіча,22.08.1950,Програміст,місто Бурштин,"набережна Хортицька, буд. 2 кв. 0, Отаманівка, 35415",+380 74 942 36 87,priska05@example.com
Сич,Пантелеймон,Юрійович,Чоловіча,06.05.1956,Адміністратор,місто Теплодар,"узвіз Обривиста, буд. 91, Долина, 74897",+380 (73) 729-98-14,anzhela66@example.org
Деряжний,Олександр,Ігорович,Чоловіча,25.01.1988,Бухгалтер,хутір Сорокине,"парк Ольгіївська, буд. 978, Мирноград, 67465",012 166-87-47,tshvachko@example.org
Демиденко,Охрім,Тарасович,Чоловіча,31.05.1948,Інженер,село Скадовськ,"вулиця Дружний, буд. 092, Заліщики, 53154",235 03 71,panas03@example.org
Ярош,Ілля,Дмитрович,Чоловіча,29.12.1946,Адміністратор,селище Соснівка,"шосе Яна Длугоша, буд. 08, Знам'янка, 25414",+380 88 929 48 75,irenapelekh@example.net
Самойленко,Назар,Богданович,Чоловіча,26.04.1999,Програміст,село Керч,"парк 411-ї батареї, буд. 6 кв. 7, Алушта, 54637",+380 85 636 86 18,vitalii56@example.com
Франчук,Альберт,Павлович,Чоловіча,06.02.2007,Менеджер,селище Миронівка,"площа Гаванна, буд. 6, Новий Буг, 90079",091 746 50 37,verkhovynetsarkadii@example.com
Редько,Михайло,Богданович,Чоловіча,17.03.2009,Менеджер,село Зіньків,"вулиця Слави, буд. 985 кв. 642, Дубляни, 89746",+380 76 767 57 46,oshvachka@example.org
Мірошниченко,Євген,Сергійович,Чоловіча,05.05.1953,Менеджер,село Тараща,"вулиця Крижанівський, буд. 080 кв. 440, Молочанськ, 12728",+380 63 594-87-08,amaliiabairak@example.org
Дубас,Лесь,Васильович,Чоловіча,11.08.1960,Бухгалтер,селище Лубни,"узвіз Лінія 23-тя, буд. 481, Скалат, 47708",288-59-74,prykhodkoviacheslav@example.net
Іванченко,Тарас,Андрійович,Чоловіча,31.03.1964,Бухгалтер,хутір Часів Яр,"набережна Морський, буд. 461, Мукачево, 98853",+380 (88) 100-29-15,ivanvysochan@example.com
Дурдинець,Павло,Богданович,Чоловіча,02.09.1974,Бухгалтер,село Болград,"площа Андрія Сови, буд. 017 кв. 35, Бар, 49163",+380 03 269-73-42,bchmil@example.net
Баклан,Володимир,Степанович,Чоловіча,11.08.1954,Програміст,село Керч,"парк Штурманська, буд. 3, Балта, 61328",+380 31 853 17 23,hshvaika@example.org
Кармалюк,Ярема,Ігорович,Чоловіча,18.03.2008,Інженер,місто Болград,"сквер Миколаївський 1-й, буд. 2 кв. 0, Бахчисарай, 87287",428-75-57,lprymachenko@example.net
Чуприна,Леонтій,Олегович,Чоловіча,11.09.1959,Інженер,селище Миколаївка,"узвіз Лінія 24-та, буд. 02, Звенигородка, 24591",+380 13 105-90-35,chernenkoalbert@example.com
Луценко,Тимофій,Григорович,Чоловіча,10.08.1965,Бухгалтер,селище Сарни,"провулок Лінія 50-та, буд. 020 кв. 50, Березівка, 41360",642-43-98,sbabych@example.net
Нестеренко,Вадим,Андрійович,Чоловіча,26.03.1966,Менеджер,місто Збараж,"проспект Манежна, буд. 49 кв. 52, Ірпінь, 47375",+380 60 976-61-09,oleksandrchupryna@example.com
Ященко,Геннадій,Ігорович,Чоловіча,11.06.1956,Бухгалтер,місто Прип'ять,"набережна Назарівська, буд. 84, Долина, 19354",067 368-93-42,danylo93@example.net
Єременко,Юхим,Максимович,Чоловіча,31.05.1975,Менеджер,хутір Рудки,"шосе Джинестрівська, буд. 0, Золочів, 24519",033 372 79 28,bstets@example.net
Гук,Герман,Володимирович,Чоловіча,03.03.1993,Бухгалтер,місто Остер,"вулиця Привокзальний, буд. 068 кв. 67, Гуляйполе, 50214",802 87 17,violetta76@example.net
Христич,Онисим,Юрійович,Чоловіча,02.06.1954,Менеджер,місто Сколе,"шосе Кільцева, буд. 78, Пологи, 61108",+380 32 647 14 90,martyndanchenko@example.org
Абраменко,Борислав,Ігорович,Чоловіча,11.01.2009,Бухгалтер,місто Новодружеськ,"парк Крижанівський, буд. 88 кв. 209, Зіньків, 93184",+380 30 231-70-20,dtryhub@example.org
Затула,Феофан,Сергійович,Чоловіча,02.06.2004,Бухгалтер,село Бунге,"узвіз Південна дорога, буд. 879 кв. 465, Бар, 56500",714-50-56,liubov39@example.org
Дашкевич,Володимир,Олександрович,Чоловіча,05.02.2000,Інженер,місто Ізяслав,"проспект Троїцька, буд. 26 кв. 20, Сніжне, 62853",077 166 55 27,danna34@example.org
Смик,Теодор,Тарасович,Чоловіча,29.03.1963,Адміністратор,хутір Калинівка,"провулок Селекційний, буд. 13, Селидове, 30072",055 301 83 66,roksolana57@example.net
Деряжний,Богуслав,Сергійович,Чоловіча,13.01.1986,Інженер,місто Устилуг,"шосе Подільська, буд. 22 кв. 006, Миронівка, 25892",+380 09 128 46 74,rfesenko@example.org
Демʼяненко,Макар,Богданович,Чоловіча,10.06.1967,Адміністратор,місто Богодухів,"площа Дерибасівська, буд. 9 кв. 59, Новий Буг, 81426",+380 02 003 55 33,mykyta29@example.net
Гриценко,Богодар,Андрійович,Чоловіча,17.07.1969,Інженер,хутір Джанкой,"проспект Проценка, буд. 97 кв. 493, Куп'янськ, 79547",+380 23 157-23-07,arkhymovychedyta@example.com
Деряжний,Венедикт,Володимирович,Чоловіча,31.08.1993,Бухгалтер,село Новомиргород,"узвіз Пересипський 2-й, буд. 598, Світлодарськ, 37481",968 25 53,mdanylenko@example.org
Конопля,Алевтин,Ігорович,Чоловіча,20.12.1953,Адміністратор,хутір Генічеськ,"проспект Теофіла Фраєрмана, буд. 3, Свалява, 17543",006 185 24 26,avhustyn43@example.org
Карпенко,Устим,Іванович,Чоловіча,09.11.1977,Менеджер,хутір Зугрес,"сквер Топольського, буд. 5 кв. 6, Коростишів, 14664",+380 08 299-30-89,lhavrysh@example.org
Іващенко,Леонід,Григорович,Чоловіча,24.06.1974,Бухгалтер,селище Ворожба,"парк Чорноморський 10-й, буд. 960, Вилкове, 60411",+380 88 694-02-32,pkonoplenko@example.com
Юрчук,Пилип,Сергійович,Чоловіча,06.04.1981,Адміністратор,хутір Лутугине,"сквер Латвійський узвіз, буд. 33, Жидачів, 92152",898 04 83,tkacheduard@example.com
Артеменко,Олег,Олегович,Чоловіча,19.11.1993,Адміністратор,місто Тисмениця,"площа Журавлина, буд. 2 кв. 37, Ізюм, 21525",099 615-30-71,rlahoda@example.org
Шило,Едуард,Петрович,Чоловіча,01.06.1969,Бухгалтер,селище Борщів,"проспект Кримський, буд. 81 кв. 79, Суходільськ, 45497",+380 40 407-55-48,zaietskyrylo@example.net
Андрейко,Соломон,Олександрович,Чоловіча,31.01.2007,Менеджер,селище Чорноморськ,"сквер Уманська, буд. 3, Шахтарськ, 65747",+380 (65) 654-18-29,nazarenkoleontii@example.net
Затула,Юхим,Максимович,Чоловіча,15.09.2003,Адміністратор,місто Зоринськ,"шосе Балтський 2-й, буд. 009 кв. 062, Нова Одеса, 36923",+380 78 569-73-82,zynovii26@example.com
Тимченко,Лесь,Богданович,Чоловіча,29.04.2006,Інженер,місто Монастирище,"шосе Юрія Олеші, буд. 23, Могилів-Подільський, 33391",+380 01 091-34-43,iurchyshynleontii@example.org
Оліфіренко,Василь,Андрійович,Чоловіча,21.10.1990,Програміст,місто Мирноград,"вулиця Східний 1-й, буд. 011 кв. 703, Новомиргород, 64304",+380 (43) 576-38-18,gerusmarko@example.net
Литвин,Едуард,Васильович,Чоловіча,17.11.1966,Менеджер,місто Щастя,"вулиця Косовська, буд. 733 кв. 293, Миргород, 40027",+380 94 249-05-59,samoilenkoboleslav@example.net
Дзюба,Руслан,Сергійович,Чоловіча,26.03.1971,Програміст,хутір Кам'янка-Дніпровська,"вулиця Західний 1-й, буд. 19, Охтирка, 65394",+380 (80) 467-15-95,prokhirperebyinis@example.org
Тригуб,Олекса,Тарасович,Чоловіча,11.07.1962,Менеджер,селище Буча,"шосе Чорноморський 6-й, буд. 081 кв. 5, Берестечко, 68911",+380 26 433 34 12,rkovalenko@example.com
Зінчук,Нестор,Максимович,Чоловіча,22.07.1973,Інженер,село Вільнянськ,"набережна Юрія Олеші, буд. 35, Бережани, 65083",+380 76 642-62-20,sofiiasirobaba@example.com
Фесенко,Святослав,Максимович,Чоловіча,07.05.1981,Бухгалтер,селище Глухів,"вулиця Листяний, буд. 4 кв. 314, Комарно, 22735",063 467 11 89,frants95@example.com
Нестеренко,Леон,Олегович,Чоловіча,12.08.1991,Програміст,місто Чистякове,"вулиця Різдвяна, буд. 303 кв. 44, Красноперекопськ, 75843",+380 83 079-27-58,hnestaiko@example.org
Барабаш,Єфрем,Степанович,Чоловіча,17.01.1991,Менеджер,місто Кілія,"вулиця Крижанівський, буд. 144 кв. 053, Корець, 10697",127-22-51,jatamaniuk@example.org
Голобородько,Михайло,Павлович,Чоловіча,10.07.1946,Бухгалтер,село Сквира,"шосе Путьова, буд. 86 кв. 90, Чистякове, 94172",+380 29 649-66-77,feofandanylenko@example.net
Тесля,Богуслав,Миколайович,Чоловіча,10.09.1977,Менеджер,селище Моршин,"парк Лиманчик 2-й Лінія 1-ша, буд. 573 кв. 0, Тисмениця, 18667",074 457-59-75,onehoda@example.org
Баклан,Гордій,Олександрович,Чоловіча,01.11.1989,Програміст,село Чортків,"сквер Юрія Кондратюка, буд. 6 кв. 117, Хрустальний, 08046",237-14-45,demydenkovolodymyr@example.com
Даниленко,Пантелеймон,Петрович,Чоловіча,10.06.1967,Програміст,село Житомир,"площа Астрономічний, буд. 64, Галич, 93109",549 25 16,irynazhalilo@example.net
Євдокименко,Богдан,Григорович,Чоловіча,14.06.1963,Бухгалтер,село Алчевськ,"шосе Бузковий 1-й, буд. 1, Костянтинівка, 53666",095 243 73 36,durdynetsiustyna@example.org
Асаула,Арсен,Арсенович,Чоловіча,29.07.1996,Менеджер,селище Перечин,"сквер Любашівський, буд. 86 кв. 00, Миколаїв, 41163",072 820 41 32,mhodunok@example.net
Гаврилів,Марко,Іванович,Чоловіча,05.06.1972,Адміністратор,місто Гнівань,"вулиця Персикова, буд. 8, Кремінна, 78231",+380 (69) 120-54-41,svyrydenkomykhailyna@example.org
Єресько,Данило,Тарасович,Чоловіча,01.08.2010,Менеджер,селище Стебник,"парк Маразліївська, буд. 052, Запоріжжя, 67203",766 06 59,ltereshchenko@example.net
Затовканюк,Остап,Ігорович,Чоловіча,08.11.1947,Інженер,хутір Чернігів,"вулиця 10-та Лінія 6-й ст. Люстдорфської дороги, буд. 312, Новоград-Волинський, 60073",472 35 29,dankivielysaveta@example.net
Ємець,Артем,Петрович,Чоловіча,03.12.1946,Адміністратор,село Борзна,"площа Фруктова, буд. 79, Львів, 47551",041 961 03 59,cshvachka@example.com
Абрагамовський,Дан,Володимирович,Чоловіча,03.12.1973,Бухгалтер,місто Вознесенівка,"площа Лінія 40-ва, буд. 8 кв. 0, Бершадь, 25858",522-79-71,gshvaika@example.net
Михалюк,Олекса,Степанович,Чоловіча,24.08.1988,Менеджер,селище Кролевець,"провулок Восьмого Березня Лінія 1-ша, буд. 356, Володимир-Волинський, 42837",+380 66 519-14-85,oleh70@example.com
Венгринович,Степан,Володимирович,Чоловіча,19.06.1996,Інженер,хутір Ізяслав,"вулиця Яна Длугоша, буд. 11 кв. 554, Кролевець, 13693",+380 04 130-87-58,albertasaula@example.org
Палій,Віталій,Олександрович,Чоловіча,15.08.1991,Інженер,місто Тячів,"набережна Стороженка Олега, буд. 321 кв. 088, Златопіль, 05112",310-20-97,vhavrylets@example.com
Малик,Ігор,Степанович,Чоловіча,25.06.1963,Менеджер,місто Сколе,"набережна Аеродромний 2-й, буд. 0 кв. 1, Хрустальний, 76325",+380 (74) 733-74-95,kharchenkoarsen@example.net
Засуха,Богдан,Романович,Чоловіча,20.06.1963,Бухгалтер,селище Хрустальний,"сквер Озерна, буд. 5 кв. 805, Житомир, 81203",417-58-63,liliiaprykhodko@example.com
Проценко,Амвросій,Максимович,Чоловіча,08.10.1951,Адміністратор,село Новодружеськ,"парк Віталія Нестеренка, буд. 688, Мостиська, 23755",+380 83 313 02 93,frantschornovil@example.com
Чубай,Станіслав,Богданович,Чоловіча,02.08.1959,Бухгалтер,хутір Шаргород,"площа Чумацька, буд. 556 кв. 943, Щолкіне, 41151",+380 (72) 478-17-16,vasylyna66@example.net
Тесленко,Петро,Олександрович,Чоловіча,02.08.1960,Адміністратор,селище Броди,"площа Літня, буд. 40, Козятин, 20750",779 13 47,iaremapriska@example.net
Туркало,Феофан,Олександрович,Чоловіча,27.01.1952,Бухгалтер,село Хорол,"набережна Регенсбург, буд. 034 кв. 201, Сорокине, 28098",+380 14 176-87-24,babakklavdiia@example.net
Байда,Прохір,Арсенович,Чоловіча,07.06.1999,Менеджер,хутір Решетилівка,"проспект Орликова, буд. 103, Зеленодольськ, 65810",+380 83 763-42-28,rgereta@example.net
Хомик,Пилип,Богданович,Чоловіча,19.01.1957,Бухгалтер,село Дрогобич,"сквер Промислова, буд. 79 кв. 46, Євпаторія, 53868",620-56-16,alevtyn75@example.com
Ємельяненко,Давид,Григорович,Чоловіча,02.12.1993,Бухгалтер,хутір Верхівцеве,"парк Проїзний 1-й, буд. 360 кв. 15, Тлумач, 37522",589 87 48,fokhrimenko@example.com
Забіла,Артем,Володимирович,Чоловіча,26.01.1983,Адміністратор,хутір Кременчук,"узвіз Героїв прикордонників, буд. 518 кв. 8, Лутугине, 12093",+380 40 840-26-70,albert07@example.com
Скиба,Валерій,Сергійович,Чоловіча,08.09.2006,Програміст,селище Люботин,"провулок Глухівський, буд. 4 кв. 53, Берестечко, 17320",+380 20 492-87-33,babakleon@example.com
Тесля,Августин,Петрович,Чоловіча,26.02.1986,Інженер,селище Долина,"сквер Бузковий 2-й, буд. 25 кв. 63, Знам'янка, 44254",217 10 78,liudmylaperepelytsia@example.com
Яремків,Ілля,Григорович,Чоловіча,18.06.1953,Бухгалтер,хутір Джанкой,"набережна Велика Садова, буд. 9, Лисичанськ, 74401",063 836-50-08,erika94@example.net
Носенко,Соломон,Тарасович,Чоловіча,10.09.1976,Програміст,місто Бердичів,"вулиця Північна, буд. 879, Рудки, 11140",+380 (35) 245-65-47,orkhyp93@example.com
Ажажа,Прохір,Володимирович,Чоловіча,04.07.2007,Адміністратор,хутір Славутич,"парк Жаботинського, буд. 773 кв. 7, Підгайці, 42610",+380 79 674-25-81,kshchyrytsia@example.net
